canonical	oriented	S	r	c	d0	d1	a0	a1	sign	pair_orbits	A_per_orbit	A_checked	triple_pass	dfs_calls	dfs_nodes	result	seconds
6,6,0,6,0,6	6,6,0,6,0,6	24	6	6	0	6	0	6	1	10132	28	283696	0	0	0	UNSAT	0.003708
6,6,0,6,0,6	6,6,6,0,6,0	24	6	6	6	0	6	0	1	10132	28	283696	0	0	0	UNSAT	0.003480
6,6,0,6,1,5	6,6,1,5,0,6	24	6	6	1	5	0	6	0	16496	28	461888	0	0	0	UNSAT	0.005569
6,6,0,6,1,5	6,6,5,1,6,0	24	6	6	5	1	6	0	0	16496	28	461888	0	0	0	UNSAT	0.005540
6,6,0,6,2,4	6,6,2,4,0,6	24	6	6	2	4	0	6	0	16496	28	461888	0	0	0	UNSAT	0.005550
6,6,0,6,2,4	6,6,4,2,6,0	24	6	6	4	2	6	0	0	16496	28	461888	0	0	0	UNSAT	0.006277
6,6,0,6,3,3	6,6,3,3,0,6	24	6	6	3	3	0	6	0	16496	28	461888	0	0	0	UNSAT	0.006312
6,6,0,6,3,3	6,6,3,3,6,0	24	6	6	3	3	6	0	0	16496	28	461888	0	0	0	UNSAT	0.006319
6,6,1,5,1,5	6,6,1,5,1,5	24	6	6	1	5	1	5	1	10132	448	4539136	0	0	0	UNSAT	0.023206
6,6,1,5,1,5	6,6,5,1,5,1	24	6	6	5	1	5	1	1	10132	448	4539136	0	0	0	UNSAT	0.028407
6,6,1,5,2,4	6,6,2,4,1,5	24	6	6	2	4	1	5	0	16496	448	7390208	0	0	0	UNSAT	0.035299
6,6,1,5,2,4	6,6,4,2,5,1	24	6	6	4	2	5	1	0	16496	448	7390208	0	0	0	UNSAT	0.055033
6,6,1,5,3,3	6,6,3,3,1,5	24	6	6	3	3	1	5	0	16496	448	7390208	0	0	0	UNSAT	0.034888
6,6,1,5,3,3	6,6,3,3,5,1	24	6	6	3	3	5	1	0	16496	448	7390208	0	0	0	UNSAT	0.034578
6,6,2,4,2,4	6,6,2,4,2,4	24	6	6	2	4	2	4	1	10132	1960	19858720	0	0	0	UNSAT	0.102301
6,6,2,4,2,4	6,6,4,2,4,2	24	6	6	4	2	4	2	1	10132	1960	19858720	0	0	0	UNSAT	0.128172
6,6,2,4,3,3	6,6,3,3,2,4	24	6	6	3	3	2	4	0	16496	1960	32332160	0	0	0	UNSAT	0.199956
6,6,2,4,3,3	6,6,3,3,4,2	24	6	6	3	3	4	2	0	16496	1960	32332160	0	0	0	UNSAT	0.145726
6,6,3,3,3,3	6,6,3,3,3,3	24	6	6	3	3	3	3	1	10132	3136	31773952	0	0	0	UNSAT	0.170431
7,7,0,5,0,5	7,7,0,5,0,5	24	7	7	0	5	0	5	1	18076	56	1012256	0	0	0	UNSAT	0.009293
7,7,0,5,0,5	7,7,5,0,5,0	24	7	7	5	0	5	0	1	18076	56	1012256	0	0	0	UNSAT	0.009397
7,7,0,5,1,4	7,7,1,4,0,5	24	7	7	1	4	0	5	0	32666	56	1829296	0	0	0	UNSAT	0.016448
7,7,0,5,1,4	7,7,4,1,5,0	24	7	7	4	1	5	0	0	32666	56	1829296	0	0	0	UNSAT	0.014409
7,7,1,4,1,4	7,7,1,4,1,4	24	7	7	1	4	1	4	1	18076	560	10122560	0	0	0	UNSAT	0.066343
7,7,1,4,1,4	7,7,4,1,4,1	24	7	7	4	1	4	1	1	18076	560	10122560	0	0	0	UNSAT	0.069421
6,6,0,6,0,7	6,6,0,6,0,7	25	6	6	0	6	0	7	0	16496	8	131968	0	0	0	UNSAT	0.004407
6,6,0,6,0,7	6,6,6,0,7,0	25	6	6	6	0	7	0	0	16496	8	131968	0	0	0	UNSAT	0.004370
6,6,0,6,1,6	6,6,1,6,0,6	25	6	6	1	6	0	6	0	16496	28	461888	0	0	0	UNSAT	0.005562
6,6,0,6,1,6	6,6,6,1,6,0	25	6	6	6	1	6	0	0	16496	28	461888	0	0	0	UNSAT	0.015941
6,6,0,6,2,5	6,6,2,5,0,6	25	6	6	2	5	0	6	0	16496	28	461888	0	0	0	UNSAT	0.006460
6,6,0,6,2,5	6,6,5,2,6,0	25	6	6	5	2	6	0	0	16496	28	461888	0	0	0	UNSAT	0.006406
6,6,0,6,3,4	6,6,3,4,0,6	25	6	6	3	4	0	6	0	16496	28	461888	0	0	0	UNSAT	0.006344
6,6,0,6,3,4	6,6,4,3,6,0	25	6	6	4	3	6	0	0	16496	28	461888	0	0	0	UNSAT	0.006420
6,6,0,6,4,3	6,6,3,4,6,0	25	6	6	3	4	6	0	0	16496	28	461888	0	0	0	UNSAT	0.006433
6,6,0,6,4,3	6,6,4,3,0,6	25	6	6	4	3	0	6	0	16496	28	461888	0	0	0	UNSAT	0.006451
6,6,0,7,1,5	6,6,1,5,0,7	25	6	6	1	5	0	7	0	16496	8	131968	0	0	0	UNSAT	0.004876
6,6,0,7,1,5	6,6,5,1,7,0	25	6	6	5	1	7	0	0	16496	8	131968	0	0	0	UNSAT	0.004540
6,6,0,7,2,4	6,6,2,4,0,7	25	6	6	2	4	0	7	0	16496	8	131968	0	0	0	UNSAT	0.021906
6,6,0,7,2,4	6,6,4,2,7,0	25	6	6	4	2	7	0	0	16496	8	131968	0	0	0	UNSAT	0.004414
6,6,0,7,3,3	6,6,3,3,0,7	25	6	6	3	3	0	7	0	16496	8	131968	0	0	0	UNSAT	0.004370
6,6,0,7,3,3	6,6,3,3,7,0	25	6	6	3	3	7	0	0	16496	8	131968	0	0	0	UNSAT	0.004530
6,6,1,5,1,6	6,6,1,5,1,6	25	6	6	1	5	1	6	0	16496	224	3695104	0	0	0	UNSAT	0.017469
6,6,1,5,1,6	6,6,5,1,6,1	25	6	6	5	1	6	1	0	16496	224	3695104	0	0	0	UNSAT	0.017750
6,6,1,5,2,5	6,6,2,5,1,5	25	6	6	2	5	1	5	0	16496	448	7390208	0	0	0	UNSAT	0.053206
6,6,1,5,2,5	6,6,5,2,5,1	25	6	6	5	2	5	1	0	16496	448	7390208	0	0	0	UNSAT	0.031894
6,6,1,5,3,4	6,6,3,4,1,5	25	6	6	3	4	1	5	0	16496	448	7390208	0	0	0	UNSAT	0.063711
6,6,1,5,3,4	6,6,4,3,5,1	25	6	6	4	3	5	1	0	16496	448	7390208	0	0	0	UNSAT	0.036155
6,6,1,5,4,3	6,6,3,4,5,1	25	6	6	3	4	5	1	0	16496	448	7390208	0	0	0	UNSAT	0.038049
6,6,1,5,4,3	6,6,4,3,1,5	25	6	6	4	3	1	5	0	16496	448	7390208	0	0	0	UNSAT	0.052141
6,6,1,6,2,4	6,6,2,4,1,6	25	6	6	2	4	1	6	0	16496	224	3695104	0	0	0	UNSAT	0.021148
6,6,1,6,2,4	6,6,4,2,6,1	25	6	6	4	2	6	1	0	16496	224	3695104	0	0	0	UNSAT	0.019287
6,6,1,6,3,3	6,6,3,3,1,6	25	6	6	3	3	1	6	0	16496	224	3695104	0	0	0	UNSAT	0.038829
6,6,1,6,3,3	6,6,3,3,6,1	25	6	6	3	3	6	1	0	16496	224	3695104	0	0	0	UNSAT	0.017733
6,6,2,4,2,5	6,6,2,4,2,5	25	6	6	2	4	2	5	0	16496	1568	25865728	0	0	0	UNSAT	0.121775
6,6,2,4,2,5	6,6,4,2,5,2	25	6	6	4	2	5	2	0	16496	1568	25865728	0	0	0	UNSAT	0.129420
6,6,2,4,3,4	6,6,3,4,2,4	25	6	6	3	4	2	4	0	16496	1960	32332160	0	0	0	UNSAT	0.178136
6,6,2,4,3,4	6,6,4,3,4,2	25	6	6	4	3	4	2	0	16496	1960	32332160	0	0	0	UNSAT	0.165571
6,6,2,4,4,3	6,6,3,4,4,2	25	6	6	3	4	4	2	0	16496	1960	32332160	0	0	0	UNSAT	0.152367
6,6,2,4,4,3	6,6,4,3,2,4	25	6	6	4	3	2	4	0	16496	1960	32332160	0	0	0	UNSAT	0.165401
6,6,2,4,5,2	6,6,2,4,5,2	25	6	6	2	4	5	2	0	16496	1568	25865728	0	0	0	UNSAT	0.130838
6,6,2,4,5,2	6,6,4,2,2,5	25	6	6	4	2	2	5	0	16496	1568	25865728	0	0	0	UNSAT	0.148525
6,6,2,5,3,3	6,6,3,3,2,5	25	6	6	3	3	2	5	0	16496	1568	25865728	0	0	0	UNSAT	0.136386
6,6,2,5,3,3	6,6,3,3,5,2	25	6	6	3	3	5	2	0	16496	1568	25865728	0	0	0	UNSAT	0.157563
6,6,3,3,3,4	6,6,3,4,3,3	25	6	6	3	4	3	3	0	16496	3136	51731456	0	0	0	UNSAT	0.245188
6,6,3,3,3,4	6,6,4,3,3,3	25	6	6	4	3	3	3	0	16496	3136	51731456	0	0	0	UNSAT	0.263598
6,7,0,6,0,6	6,7,0,6,0,6	25	6	7	0	6	0	6	1	26876	28	752528	0	0	0	UNSAT	0.008877
6,7,0,6,0,6	6,7,6,0,6,0	25	6	7	6	0	6	0	1	26876	28	752528	0	0	0	UNSAT	0.011930
6,7,0,6,1,5	6,7,1,5,0,6	25	6	7	1	5	0	6	0	45996	28	1287888	0	0	0	UNSAT	0.015262
6,7,0,6,1,5	6,7,5,1,6,0	25	6	7	5	1	6	0	0	45996	28	1287888	0	0	0	UNSAT	0.015304
6,7,0,6,2,4	6,7,2,4,0,6	25	6	7	2	4	0	6	0	45996	28	1287888	0	0	0	UNSAT	0.039263
6,7,0,6,2,4	6,7,4,2,6,0	25	6	7	4	2	6	0	0	45996	28	1287888	0	0	0	UNSAT	0.017575
6,7,0,6,3,3	6,7,3,3,0,6	25	6	7	3	3	0	6	0	45996	28	1287888	0	0	0	UNSAT	0.018017
6,7,0,6,3,3	6,7,3,3,6,0	25	6	7	3	3	6	0	0	45996	28	1287888	0	0	0	UNSAT	0.016432
6,7,1,5,1,5	6,7,1,5,1,5	25	6	7	1	5	1	5	1	26876	448	12040448	0	0	0	UNSAT	0.068601
6,7,1,5,1,5	6,7,5,1,5,1	25	6	7	5	1	5	1	1	26876	448	12040448	0	0	0	UNSAT	0.075569
6,7,1,5,2,4	6,7,2,4,1,5	25	6	7	2	4	1	5	0	45996	448	20606208	0	0	0	UNSAT	0.121270
6,7,1,5,2,4	6,7,4,2,5,1	25	6	7	4	2	5	1	0	45996	448	20606208	0	0	0	UNSAT	0.112722
6,7,1,5,3,3	6,7,3,3,1,5	25	6	7	3	3	1	5	0	45996	448	20606208	0	0	0	UNSAT	0.109804
6,7,1,5,3,3	6,7,3,3,5,1	25	6	7	3	3	5	1	0	45996	448	20606208	0	0	0	UNSAT	0.115118
6,7,2,4,2,4	6,7,2,4,2,4	25	6	7	2	4	2	4	1	26876	1960	52676960	0	0	0	UNSAT	0.298032
6,7,2,4,2,4	6,7,4,2,4,2	25	6	7	4	2	4	2	1	26876	1960	52676960	0	0	0	UNSAT	0.260921
6,7,2,4,3,3	6,7,3,3,2,4	25	6	7	3	3	2	4	0	45996	1960	90152160	0	0	0	UNSAT	0.437961
6,7,2,4,3,3	6,7,3,3,4,2	25	6	7	3	3	4	2	0	45996	1960	90152160	0	0	0	UNSAT	0.475492
6,7,3,3,3,3	6,7,3,3,3,3	25	6	7	3	3	3	3	1	26876	3136	84283136	0	0	0	UNSAT	0.415556
7,7,0,5,0,6	7,7,0,5,0,6	25	7	7	0	5	0	6	0	32666	28	914648	0	0	0	UNSAT	0.011379
7,7,0,5,0,6	7,7,5,0,6,0	25	7	7	5	0	6	0	0	32666	28	914648	7	0	0	UNSAT	0.034167
7,7,0,5,1,5	7,7,1,5,0,5	25	7	7	1	5	0	5	0	32666	56	1829296	0	0	0	UNSAT	0.014740
7,7,0,5,1,5	7,7,5,1,5,0	25	7	7	5	1	5	0	0	32666	56	1829296	0	0	0	UNSAT	0.014731
7,7,0,5,2,4	7,7,2,4,0,5	25	7	7	2	4	0	5	0	32666	56	1829296	0	0	0	UNSAT	0.015119
7,7,0,5,2,4	7,7,4,2,5,0	25	7	7	4	2	5	0	0	32666	56	1829296	0	0	0	UNSAT	0.015072
7,7,0,6,1,4	7,7,1,4,0,6	25	7	7	1	4	0	6	0	32666	28	914648	0	0	0	UNSAT	0.011405
7,7,0,6,1,4	7,7,4,1,6,0	25	7	7	4	1	6	0	0	32666	28	914648	7	0	0	UNSAT	0.031575
7,7,0,6,2,3	7,7,2,3,0,6	25	7	7	2	3	0	6	0	32666	28	914648	0	0	0	UNSAT	0.011270
7,7,0,6,2,3	7,7,3,2,6,0	25	7	7	3	2	6	0	0	32666	28	914648	7	0	0	UNSAT	0.011357
7,7,1,4,1,5	7,7,1,4,1,5	25	7	7	1	4	1	5	0	32666	448	14634368	0	0	0	UNSAT	0.092700
7,7,1,4,1,5	7,7,4,1,5,1	25	7	7	4	1	5	1	0	32666	448	14634368	0	0	0	UNSAT	0.088607
7,7,1,4,2,4	7,7,2,4,1,4	25	7	7	2	4	1	4	0	32666	560	18292960	0	0	0	UNSAT	0.097093
7,7,1,4,2,4	7,7,4,2,4,1	25	7	7	4	2	4	1	0	32666	560	18292960	0	0	0	UNSAT	0.096157
7,7,1,5,2,3	7,7,2,3,1,5	25	7	7	2	3	1	5	0	32666	448	14634368	0	0	0	UNSAT	0.062033
7,7,1,5,2,3	7,7,3,2,5,1	25	7	7	3	2	5	1	0	32666	448	14634368	0	0	0	UNSAT	0.081392
7,8,0,5,0,5	7,8,0,5,0,5	25	7	8	0	5	0	5	1	42103	56	2357768	0	0	0	UNSAT	0.018493
7,8,0,5,0,5	7,8,5,0,5,0	25	7	8	5	0	5	0	1	42103	56	2357768	0	0	0	UNSAT	0.038970
7,8,0,5,1,4	7,8,1,4,0,5	25	7	8	1	4	0	5	0	73663	56	4125128	0	0	0	UNSAT	0.032324
7,8,0,5,1,4	7,8,4,1,5,0	25	7	8	4	1	5	0	0	73663	56	4125128	0	0	0	UNSAT	0.032383
7,8,1,4,1,4	7,8,1,4,1,4	25	7	8	1	4	1	4	1	42103	560	23577680	0	0	0	UNSAT	0.136772
7,8,1,4,1,4	7,8,4,1,4,1	25	7	8	4	1	4	1	1	42103	560	23577680	0	0	0	UNSAT	0.132631
5,7,0,7,0,7	5,7,0,7,0,7	26	5	7	0	7	0	7	1	14225	8	113800	0	0	0	UNSAT	0.004572
5,7,0,7,0,7	5,7,7,0,7,0	26	5	7	7	0	7	0	1	14225	8	113800	0	0	0	UNSAT	0.004554
5,7,0,7,1,6	5,7,1,6,0,7	26	5	7	1	6	0	7	0	24985	8	199880	0	0	0	UNSAT	0.007879
5,7,0,7,1,6	5,7,6,1,7,0	26	5	7	6	1	7	0	0	24985	8	199880	0	0	0	UNSAT	0.008000
5,7,0,7,2,5	5,7,2,5,0,7	26	5	7	2	5	0	7	0	24985	8	199880	0	0	0	UNSAT	0.007813
5,7,0,7,2,5	5,7,5,2,7,0	26	5	7	5	2	7	0	0	24985	8	199880	0	0	0	UNSAT	0.031144
5,7,0,7,3,4	5,7,3,4,0,7	26	5	7	3	4	0	7	0	24985	8	199880	0	0	0	UNSAT	0.006470
5,7,0,7,3,4	5,7,4,3,7,0	26	5	7	4	3	7	0	0	24985	8	199880	0	0	0	UNSAT	0.006396
5,7,1,6,1,6	5,7,1,6,1,6	26	5	7	1	6	1	6	1	14225	224	3186400	0	0	0	UNSAT	0.014960
5,7,1,6,1,6	5,7,6,1,6,1	26	5	7	6	1	6	1	1	14225	224	3186400	0	0	0	UNSAT	0.015031
5,7,1,6,2,5	5,7,2,5,1,6	26	5	7	2	5	1	6	0	24985	224	5596640	0	0	0	UNSAT	0.026151
5,7,1,6,2,5	5,7,5,2,6,1	26	5	7	5	2	6	1	0	24985	224	5596640	0	0	0	UNSAT	0.046942
5,7,1,6,3,4	5,7,3,4,1,6	26	5	7	3	4	1	6	0	24985	224	5596640	0	0	0	UNSAT	0.032723
5,7,1,6,3,4	5,7,4,3,6,1	26	5	7	4	3	6	1	0	24985	224	5596640	0	0	0	UNSAT	0.051010
5,7,2,5,2,5	5,7,2,5,2,5	26	5	7	2	5	2	5	1	14225	1568	22304800	0	0	0	UNSAT	0.114402
5,7,2,5,2,5	5,7,5,2,5,2	26	5	7	5	2	5	2	1	14225	1568	22304800	0	0	0	UNSAT	0.107402
5,7,2,5,3,4	5,7,3,4,2,5	26	5	7	3	4	2	5	0	24985	1568	39176480	0	0	0	UNSAT	0.202968
5,7,2,5,3,4	5,7,4,3,5,2	26	5	7	4	3	5	2	0	24985	1568	39176480	0	0	0	UNSAT	0.206759
5,7,3,4,3,4	5,7,3,4,3,4	26	5	7	3	4	3	4	1	14225	3920	55762000	0	0	0	UNSAT	0.301412
5,7,3,4,3,4	5,7,4,3,4,3	26	5	7	4	3	4	3	1	14225	3920	55762000	0	0	0	UNSAT	0.297212
5,7,3,4,4,3	5,7,3,4,4,3	26	5	7	3	4	4	3	0	24985	3920	97941200	0	0	0	UNSAT	0.538224
5,7,3,4,4,3	5,7,4,3,3,4	26	5	7	4	3	3	4	0	24985	3920	97941200	0	0	0	UNSAT	0.545133
6,6,0,6,0,8	6,6,0,6,0,8	26	6	6	0	6	0	8	0	16496	1	16496	0	0	0	UNSAT	0.004856
6,6,0,6,0,8	6,6,6,0,8,0	26	6	6	6	0	8	0	0	16496	1	16496	0	0	0	UNSAT	0.005250
6,6,0,6,1,7	6,6,1,7,0,6	26	6	6	1	7	0	6	0	16496	28	461888	0	0	0	UNSAT	0.007690
6,6,0,6,1,7	6,6,7,1,6,0	26	6	6	7	1	6	0	0	16496	28	461888	0	0	0	UNSAT	0.007443
6,6,0,6,2,6	6,6,2,6,0,6	26	6	6	2	6	0	6	0	16496	28	461888	0	0	0	UNSAT	0.007358
6,6,0,6,2,6	6,6,6,2,6,0	26	6	6	6	2	6	0	0	16496	28	461888	0	0	0	UNSAT	0.006748
6,6,0,6,3,5	6,6,3,5,0,6	26	6	6	3	5	0	6	0	16496	28	461888	0	0	0	UNSAT	0.006388
6,6,0,6,3,5	6,6,5,3,6,0	26	6	6	5	3	6	0	0	16496	28	461888	0	0	0	UNSAT	0.006310
6,6,0,6,4,4	6,6,4,4,0,6	26	6	6	4	4	0	6	0	16496	28	461888	0	0	0	UNSAT	0.006309
6,6,0,6,4,4	6,6,4,4,6,0	26	6	6	4	4	6	0	0	16496	28	461888	0	0	0	UNSAT	0.027265
6,6,0,7,0,7	6,6,0,7,0,7	26	6	6	0	7	0	7	1	10132	8	81056	0	0	0	UNSAT	0.003379
6,6,0,7,0,7	6,6,7,0,7,0	26	6	6	7	0	7	0	1	10132	8	81056	0	0	0	UNSAT	0.002993
6,6,0,7,1,6	6,6,1,6,0,7	26	6	6	1	6	0	7	0	16496	8	131968	0	0	0	UNSAT	0.004864
6,6,0,7,1,6	6,6,6,1,7,0	26	6	6	6	1	7	0	0	16496	8	131968	0	0	0	UNSAT	0.004827
6,6,0,7,2,5	6,6,2,5,0,7	26	6	6	2	5	0	7	0	16496	8	131968	0	0	0	UNSAT	0.004882
6,6,0,7,2,5	6,6,5,2,7,0	26	6	6	5	2	7	0	0	16496	8	131968	0	0	0	UNSAT	0.005001
6,6,0,7,3,4	6,6,3,4,0,7	26	6	6	3	4	0	7	0	16496	8	131968	0	0	0	UNSAT	0.005408
6,6,0,7,3,4	6,6,4,3,7,0	26	6	6	4	3	7	0	0	16496	8	131968	0	0	0	UNSAT	0.005681
6,6,0,8,1,5	6,6,1,5,0,8	26	6	6	1	5	0	8	0	16496	1	16496	0	0	0	UNSAT	0.004812
6,6,0,8,1,5	6,6,5,1,8,0	26	6	6	5	1	8	0	0	16496	1	16496	0	0	0	UNSAT	0.004906
6,6,0,8,2,4	6,6,2,4,0,8	26	6	6	2	4	0	8	0	16496	1	16496	0	0	0	UNSAT	0.004714
6,6,0,8,2,4	6,6,4,2,8,0	26	6	6	4	2	8	0	0	16496	1	16496	0	0	0	UNSAT	0.004906
6,6,0,8,3,3	6,6,3,3,0,8	26	6	6	3	3	0	8	0	16496	1	16496	0	0	0	UNSAT	0.004434
6,6,0,8,3,3	6,6,3,3,8,0	26	6	6	3	3	8	0	0	16496	1	16496	0	0	0	UNSAT	0.004350
6,6,1,5,1,7	6,6,1,5,1,7	26	6	6	1	5	1	7	0	16496	64	1055744	0	0	0	UNSAT	0.034155
6,6,1,5,1,7	6,6,5,1,7,1	26	6	6	5	1	7	1	0	16496	64	1055744	0	0	0	UNSAT	0.011226
6,6,1,5,2,6	6,6,2,6,1,5	26	6	6	2	6	1	5	0	16496	448	7390208	0	0	0	UNSAT	0.049106
6,6,1,5,2,6	6,6,6,2,5,1	26	6	6	6	2	5	1	0	16496	448	7390208	0	0	0	UNSAT	0.058783
6,6,1,5,3,5	6,6,3,5,1,5	26	6	6	3	5	1	5	0	16496	448	7390208	0	0	0	UNSAT	0.038436
6,6,1,5,3,5	6,6,5,3,5,1	26	6	6	5	3	5	1	0	16496	448	7390208	0	0	0	UNSAT	0.058663
6,6,1,5,4,4	6,6,4,4,1,5	26	6	6	4	4	1	5	0	16496	448	7390208	0	0	0	UNSAT	0.043764
6,6,1,5,4,4	6,6,4,4,5,1	26	6	6	4	4	5	1	0	16496	448	7390208	0	0	0	UNSAT	0.056419
6,6,1,6,1,6	6,6,1,6,1,6	26	6	6	1	6	1	6	1	10132	224	2269568	0	0	0	UNSAT	0.013384
6,6,1,6,1,6	6,6,6,1,6,1	26	6	6	6	1	6	1	1	10132	224	2269568	0	0	0	UNSAT	0.013478
6,6,1,6,2,5	6,6,2,5,1,6	26	6	6	2	5	1	6	0	16496	224	3695104	0	0	0	UNSAT	0.019818
6,6,1,6,2,5	6,6,5,2,6,1	26	6	6	5	2	6	1	0	16496	224	3695104	0	0	0	UNSAT	0.038296
6,6,1,6,3,4	6,6,3,4,1,6	26	6	6	3	4	1	6	0	16496	224	3695104	0	0	0	UNSAT	0.021140
6,6,1,6,3,4	6,6,4,3,6,1	26	6	6	4	3	6	1	0	16496	224	3695104	0	0	0	UNSAT	0.024413
6,6,1,7,2,4	6,6,2,4,1,7	26	6	6	2	4	1	7	0	16496	64	1055744	0	0	0	UNSAT	0.009581
6,6,1,7,2,4	6,6,4,2,7,1	26	6	6	4	2	7	1	0	16496	64	1055744	0	0	0	UNSAT	0.009401
6,6,1,7,3,3	6,6,3,3,1,7	26	6	6	3	3	1	7	0	16496	64	1055744	0	0	0	UNSAT	0.009277
6,6,1,7,3,3	6,6,3,3,7,1	26	6	6	3	3	7	1	0	16496	64	1055744	0	0	0	UNSAT	0.028628
6,6,2,4,2,6	6,6,2,4,2,6	26	6	6	2	4	2	6	0	16496	784	12932864	0	0	0	UNSAT	0.060245
6,6,2,4,2,6	6,6,4,2,6,2	26	6	6	4	2	6	2	0	16496	784	12932864	0	0	0	UNSAT	0.092502
6,6,2,4,3,5	6,6,3,5,2,4	26	6	6	3	5	2	4	0	16496	1960	32332160	0	0	0	UNSAT	0.256012
6,6,2,4,3,5	6,6,5,3,4,2	26	6	6	5	3	4	2	0	16496	1960	32332160	0	0	0	UNSAT	0.234303
6,6,2,4,4,4	6,6,4,4,2,4	26	6	6	4	4	2	4	0	16496	1960	32332160	0	0	0	UNSAT	0.220963
6,6,2,4,4,4	6,6,4,4,4,2	26	6	6	4	4	4	2	0	16496	1960	32332160	0	0	0	UNSAT	0.197729
6,6,2,5,2,5	6,6,2,5,2,5	26	6	6	2	5	2	5	1	10132	1568	15886976	0	0	0	UNSAT	0.133023
6,6,2,5,2,5	6,6,5,2,5,2	26	6	6	5	2	5	2	1	10132	1568	15886976	0	0	0	UNSAT	0.105551
6,6,2,5,3,4	6,6,3,4,2,5	26	6	6	3	4	2	5	0	16496	1568	25865728	0	0	0	UNSAT	0.120572
6,6,2,5,3,4	6,6,4,3,5,2	26	6	6	4	3	5	2	0	16496	1568	25865728	0	0	0	UNSAT	0.131793
6,6,2,5,4,3	6,6,3,4,5,2	26	6	6	3	4	5	2	0	16496	1568	25865728	0	0	0	UNSAT	0.152006
6,6,2,5,4,3	6,6,4,3,2,5	26	6	6	4	3	2	5	0	16496	1568	25865728	0	0	0	UNSAT	0.144634
6,6,2,6,3,3	6,6,3,3,2,6	26	6	6	3	3	2	6	0	16496	784	12932864	0	0	0	UNSAT	0.088334
6,6,2,6,3,3	6,6,3,3,6,2	26	6	6	3	3	6	2	0	16496	784	12932864	0	0	0	UNSAT	0.075514
6,6,3,3,3,5	6,6,3,3,3,5	26	6	6	3	3	3	5	0	16496	3136	51731456	0	0	0	UNSAT	0.241537
6,6,3,3,3,5	6,6,3,3,5,3	26	6	6	3	3	5	3	0	16496	3136	51731456	0	0	0	UNSAT	0.269670
6,6,3,3,4,4	6,6,4,4,3,3	26	6	6	4	4	3	3	0	16496	3136	51731456	0	0	0	UNSAT	0.238047
6,6,3,4,3,4	6,6,3,4,3,4	26	6	6	3	4	3	4	1	10132	3920	39717440	0	0	0	UNSAT	0.233735
6,6,3,4,3,4	6,6,4,3,4,3	26	6	6	4	3	4	3	1	10132	3920	39717440	0	0	0	UNSAT	0.198645
6,6,3,4,4,3	6,6,3,4,4,3	26	6	6	3	4	4	3	0	16496	3920	64664320	0	0	0	UNSAT	0.319886
6,6,3,4,4,3	6,6,4,3,3,4	26	6	6	4	3	3	4	0	16496	3920	64664320	0	0	0	UNSAT	0.306540
6,7,0,6,0,7	6,7,0,6,0,7	26	6	7	0	6	0	7	0	45996	8	367968	0	0	0	UNSAT	0.012055
6,7,0,6,0,7	6,7,6,0,7,0	26	6	7	6	0	7	0	0	45996	8	367968	6	0	0	UNSAT	0.012074
6,7,0,6,1,6	6,7,1,6,0,6	26	6	7	1	6	0	6	0	45996	28	1287888	0	0	0	UNSAT	0.015522
6,7,0,6,1,6	6,7,6,1,6,0	26	6	7	6	1	6	0	0	45996	28	1287888	0	0	0	UNSAT	0.034807
6,7,0,6,2,5	6,7,2,5,0,6	26	6	7	2	5	0	6	0	45996	28	1287888	0	0	0	UNSAT	0.015991
6,7,0,6,2,5	6,7,5,2,6,0	26	6	7	5	2	6	0	0	45996	28	1287888	0	0	0	UNSAT	0.015339
6,7,0,6,3,4	6,7,3,4,0,6	26	6	7	3	4	0	6	0	45996	28	1287888	0	0	0	UNSAT	0.015533
6,7,0,6,3,4	6,7,4,3,6,0	26	6	7	4	3	6	0	0	45996	28	1287888	0	0	0	UNSAT	0.015926
6,7,0,7,1,5	6,7,1,5,0,7	26	6	7	1	5	0	7	0	45996	8	367968	0	0	0	UNSAT	0.034897
6,7,0,7,1,5	6,7,5,1,7,0	26	6	7	5	1	7	0	0	45996	8	367968	6	0	0	UNSAT	0.012671
6,7,0,7,2,4	6,7,2,4,0,7	26	6	7	2	4	0	7	0	45996	8	367968	0	0	0	UNSAT	0.012509
6,7,0,7,2,4	6,7,4,2,7,0	26	6	7	4	2	7	0	0	45996	8	367968	6	0	0	UNSAT	0.012491
6,7,0,7,3,3	6,7,3,3,0,7	26	6	7	3	3	0	7	0	45996	8	367968	0	0	0	UNSAT	0.020880
6,7,0,7,3,3	6,7,3,3,7,0	26	6	7	3	3	7	0	0	45996	8	367968	6	0	0	UNSAT	0.012249
6,7,1,5,1,6	6,7,1,5,1,6	26	6	7	1	5	1	6	0	45996	224	10303104	0	0	0	UNSAT	0.068691
6,7,1,5,1,6	6,7,5,1,6,1	26	6	7	5	1	6	1	0	45996	224	10303104	0	0	0	UNSAT	0.075101
6,7,1,5,2,5	6,7,2,5,1,5	26	6	7	2	5	1	5	0	45996	448	20606208	0	0	0	UNSAT	0.116503
6,7,1,5,2,5	6,7,5,2,5,1	26	6	7	5	2	5	1	0	45996	448	20606208	0	0	0	UNSAT	0.108684
6,7,1,5,3,4	6,7,3,4,1,5	26	6	7	3	4	1	5	0	45996	448	20606208	0	0	0	UNSAT	0.112888
6,7,1,5,3,4	6,7,4,3,5,1	26	6	7	4	3	5	1	0	45996	448	20606208	0	0	0	UNSAT	0.109260
6,7,1,6,2,4	6,7,2,4,1,6	26	6	7	2	4	1	6	0	45996	224	10303104	0	0	0	UNSAT	0.069781
6,7,1,6,2,4	6,7,4,2,6,1	26	6	7	4	2	6	1	0	45996	224	10303104	0	0	0	UNSAT	0.069081
6,7,1,6,3,3	6,7,3,3,1,6	26	6	7	3	3	1	6	0	45996	224	10303104	0	0	0	UNSAT	0.049124
6,7,1,6,3,3	6,7,3,3,6,1	26	6	7	3	3	6	1	0	45996	224	10303104	0	0	0	UNSAT	0.071763
6,7,2,4,2,5	6,7,2,4,2,5	26	6	7	2	4	2	5	0	45996	1568	72121728	0	0	0	UNSAT	0.340873
6,7,2,4,2,5	6,7,4,2,5,2	26	6	7	4	2	5	2	0	45996	1568	72121728	0	0	0	UNSAT	0.405271
6,7,2,4,3,4	6,7,3,4,2,4	26	6	7	3	4	2	4	0	45996	1960	90152160	0	0	0	UNSAT	0.581785
6,7,2,4,3,4	6,7,4,3,4,2	26	6	7	4	3	4	2	0	45996	1960	90152160	0	0	0	UNSAT	0.556317
6,7,2,4,4,3	6,7,3,4,4,2	26	6	7	3	4	4	2	0	45996	1960	90152160	0	0	0	UNSAT	0.522913
6,7,2,4,4,3	6,7,4,3,2,4	26	6	7	4	3	2	4	0	45996	1960	90152160	0	0	0	UNSAT	0.489411
6,7,2,5,3,3	6,7,3,3,2,5	26	6	7	3	3	2	5	0	45996	1568	72121728	0	0	0	UNSAT	0.409089
6,7,2,5,3,3	6,7,3,3,5,2	26	6	7	3	3	5	2	0	45996	1568	72121728	0	0	0	UNSAT	0.420909
6,7,3,3,3,4	6,7,3,4,3,3	26	6	7	3	4	3	3	0	45996	3136	144243456	0	0	0	UNSAT	0.711393
6,7,3,3,3,4	6,7,4,3,3,3	26	6	7	4	3	3	3	0	45996	3136	144243456	0	0	0	UNSAT	0.849277
6,8,0,6,0,6	6,8,0,6,0,6	26	6	8	0	6	0	6	1	31484	28	881552	0	0	0	UNSAT	0.010691
6,8,0,6,0,6	6,8,6,0,6,0	26	6	8	6	0	6	0	1	31484	28	881552	0	0	0	UNSAT	0.011384
6,8,0,6,1,5	6,8,1,5,0,6	26	6	8	1	5	0	6	0	52292	28	1464176	0	0	0	UNSAT	0.017528
6,8,0,6,1,5	6,8,5,1,6,0	26	6	8	5	1	6	0	0	52292	28	1464176	0	0	0	UNSAT	0.017356
6,8,0,6,2,4	6,8,2,4,0,6	26	6	8	2	4	0	6	0	52292	28	1464176	0	0	0	UNSAT	0.038022
6,8,0,6,2,4	6,8,4,2,6,0	26	6	8	4	2	6	0	0	52292	28	1464176	0	0	0	UNSAT	0.019723
6,8,0,6,3,3	6,8,3,3,0,6	26	6	8	3	3	0	6	0	52292	28	1464176	0	0	0	UNSAT	0.020627
6,8,0,6,3,3	6,8,3,3,6,0	26	6	8	3	3	6	0	0	52292	28	1464176	0	0	0	UNSAT	0.019744
6,8,1,5,1,5	6,8,1,5,1,5	26	6	8	1	5	1	5	1	31484	448	14104832	0	0	0	UNSAT	0.096310
6,8,1,5,1,5	6,8,5,1,5,1	26	6	8	5	1	5	1	1	31484	448	14104832	0	0	0	UNSAT	0.092265
6,8,1,5,2,4	6,8,2,4,1,5	26	6	8	2	4	1	5	0	52292	448	23426816	0	0	0	UNSAT	0.149872
6,8,1,5,2,4	6,8,4,2,5,1	26	6	8	4	2	5	1	0	52292	448	23426816	0	0	0	UNSAT	0.119296
6,8,1,5,3,3	6,8,3,3,1,5	26	6	8	3	3	1	5	0	52292	448	23426816	0	0	0	UNSAT	0.120084
6,8,1,5,3,3	6,8,3,3,5,1	26	6	8	3	3	5	1	0	52292	448	23426816	0	0	0	UNSAT	0.125102
6,8,2,4,2,4	6,8,2,4,2,4	26	6	8	2	4	2	4	1	31484	1960	61708640	0	0	0	UNSAT	0.354841
6,8,2,4,2,4	6,8,4,2,4,2	26	6	8	4	2	4	2	1	31484	1960	61708640	0	0	0	UNSAT	0.319729
6,8,2,4,3,3	6,8,3,3,2,4	26	6	8	3	3	2	4	0	52292	1960	102492320	0	0	0	UNSAT	0.572255
6,8,2,4,3,3	6,8,3,3,4,2	26	6	8	3	3	4	2	0	52292	1960	102492320	0	0	0	UNSAT	0.519436
6,8,3,3,3,3	6,8,3,3,3,3	26	6	8	3	3	3	3	1	31484	3136	98733824	0	0	0	UNSAT	0.605993
7,7,0,5,0,7	7,7,0,5,0,7	26	7	7	0	5	0	7	0	32666	8	261328	4	0	0	UNSAT	0.010543
7,7,0,5,0,7	7,7,5,0,7,0	26	7	7	5	0	7	0	0	32666	8	261328	229	0	0	UNSAT	0.010680
7,7,0,5,1,6	7,7,1,6,0,5	26	7	7	1	6	0	5	0	32666	56	1829296	0	0	0	UNSAT	0.038668
7,7,0,5,1,6	7,7,6,1,5,0	26	7	7	6	1	5	0	0	32666	56	1829296	0	0	0	UNSAT	0.016798
7,7,0,5,2,5	7,7,2,5,0,5	26	7	7	2	5	0	5	0	32666	56	1829296	0	0	0	UNSAT	0.016757
7,7,0,5,2,5	7,7,5,2,5,0	26	7	7	5	2	5	0	0	32666	56	1829296	0	0	0	UNSAT	0.016731
7,7,0,5,3,4	7,7,3,4,0,5	26	7	7	3	4	0	5	0	32666	56	1829296	0	0	0	UNSAT	0.017148
7,7,0,5,3,4	7,7,4,3,5,0	26	7	7	4	3	5	0	0	32666	56	1829296	0	0	0	UNSAT	0.034373
7,7,0,6,0,6	7,7,0,6,0,6	26	7	7	0	6	0	6	1	18076	28	506128	0	0	0	UNSAT	0.006148
7,7,0,6,0,6	7,7,6,0,6,0	26	7	7	6	0	6	0	1	18076	28	506128	7	0	0	UNSAT	0.006056
7,7,0,6,1,5	7,7,1,5,0,6	26	7	7	1	5	0	6	0	32666	28	914648	0	0	0	UNSAT	0.011135
7,7,0,6,1,5	7,7,5,1,6,0	26	7	7	5	1	6	0	0	32666	28	914648	7	0	0	UNSAT	0.011119
7,7,0,6,2,4	7,7,2,4,0,6	26	7	7	2	4	0	6	0	32666	28	914648	0	0	0	UNSAT	0.011088
7,7,0,6,2,4	7,7,4,2,6,0	26	7	7	4	2	6	0	0	32666	28	914648	7	0	0	UNSAT	0.011115
7,7,0,6,3,3	7,7,3,3,0,6	26	7	7	3	3	0	6	0	32666	28	914648	0	0	0	UNSAT	0.010976
7,7,0,6,3,3	7,7,3,3,6,0	26	7	7	3	3	6	0	0	32666	28	914648	7	0	0	UNSAT	0.031683
7,7,0,7,1,4	7,7,1,4,0,7	26	7	7	1	4	0	7	0	32666	8	261328	4	0	0	UNSAT	0.008961
7,7,0,7,1,4	7,7,4,1,7,0	26	7	7	4	1	7	0	0	32666	8	261328	229	0	0	UNSAT	0.009133
7,7,0,7,2,3	7,7,2,3,0,7	26	7	7	2	3	0	7	0	32666	8	261328	4	0	0	UNSAT	0.008667
7,7,0,7,2,3	7,7,3,2,7,0	26	7	7	3	2	7	0	0	32666	8	261328	229	0	0	UNSAT	0.009351
7,7,1,4,1,6	7,7,1,4,1,6	26	7	7	1	4	1	6	0	32666	224	7317184	0	0	0	UNSAT	0.059943
7,7,1,4,1,6	7,7,4,1,6,1	26	7	7	4	1	6	1	0	32666	224	7317184	525	0	0	UNSAT	0.053912
7,7,1,4,2,5	7,7,2,5,1,4	26	7	7	2	5	1	4	0	32666	560	18292960	0	0	0	UNSAT	0.157596
7,7,1,4,2,5	7,7,5,2,4,1	26	7	7	5	2	4	1	0	32666	560	18292960	0	0	0	UNSAT	0.128867
7,7,1,4,3,4	7,7,3,4,1,4	26	7	7	3	4	1	4	0	32666	560	18292960	0	0	0	UNSAT	0.120049
7,7,1,4,3,4	7,7,4,3,4,1	26	7	7	4	3	4	1	0	32666	560	18292960	0	0	0	UNSAT	0.107823
7,7,1,5,1,5	7,7,1,5,1,5	26	7	7	1	5	1	5	1	18076	448	8098048	0	0	0	UNSAT	0.065781
7,7,1,5,1,5	7,7,5,1,5,1	26	7	7	5	1	5	1	1	18076	448	8098048	0	0	0	UNSAT	0.072109
7,7,1,5,2,4	7,7,2,4,1,5	26	7	7	2	4	1	5	0	32666	448	14634368	0	0	0	UNSAT	0.109614
7,7,1,5,2,4	7,7,4,2,5,1	26	7	7	4	2	5	1	0	32666	448	14634368	0	0	0	UNSAT	0.094858
7,7,1,5,3,3	7,7,3,3,1,5	26	7	7	3	3	1	5	0	32666	448	14634368	0	0	0	UNSAT	0.091196
7,7,1,5,3,3	7,7,3,3,5,1	26	7	7	3	3	5	1	0	32666	448	14634368	0	0	0	UNSAT	0.070369
7,7,1,6,2,3	7,7,2,3,1,6	26	7	7	2	3	1	6	0	32666	224	7317184	0	0	0	UNSAT	0.065416
7,7,1,6,2,3	7,7,3,2,6,1	26	7	7	3	2	6	1	0	32666	224	7317184	525	0	0	UNSAT	0.071524
7,7,2,3,2,5	7,7,2,3,2,5	26	7	7	2	3	2	5	0	32666	1568	51220288	19	0	0	UNSAT	0.294240
7,7,2,3,2,5	7,7,3,2,5,2	26	7	7	3	2	5	2	0	32666	1568	51220288	18	0	0	UNSAT	0.254888
7,7,2,3,3,4	7,7,3,4,2,3	26	7	7	3	4	2	3	0	32666	1568	51220288	0	0	0	UNSAT	0.267060
7,7,2,3,3,4	7,7,4,3,3,2	26	7	7	4	3	3	2	0	32666	1568	51220288	0	0	0	UNSAT	0.283165
7,7,2,3,4,3	7,7,3,4,3,2	26	7	7	3	4	3	2	0	32666	1568	51220288	0	0	0	UNSAT	0.258114
7,7,2,3,4,3	7,7,4,3,2,3	26	7	7	4	3	2	3	0	32666	1568	51220288	0	0	0	UNSAT	0.271752
7,7,2,4,2,4	7,7,2,4,2,4	26	7	7	2	4	2	4	1	18076	1960	35428960	0	0	0	UNSAT	0.203405
7,7,2,4,2,4	7,7,4,2,4,2	26	7	7	4	2	4	2	1	18076	1960	35428960	0	0	0	UNSAT	0.256397
7,7,2,4,3,3	7,7,3,3,2,4	26	7	7	3	3	2	4	0	32666	1960	64025360	1	0	0	UNSAT	0.372818
7,7,2,4,3,3	7,7,3,3,4,2	26	7	7	3	3	4	2	0	32666	1960	64025360	0	0	0	UNSAT	0.381061
7,7,3,3,3,3	7,7,3,3,3,3	26	7	7	3	3	3	3	1	18076	3136	56686336	2	0	0	UNSAT	0.390636
7,8,0,5,0,6	7,8,0,5,0,6	26	7	8	0	5	0	6	0	73663	28	2062564	30	0	0	UNSAT	0.032250
7,8,0,5,0,6	7,8,5,0,6,0	26	7	8	5	0	6	0	0	73663	28	2062564	285	0	0	UNSAT	0.047826
7,8,0,5,1,5	7,8,1,5,0,5	26	7	8	1	5	0	5	0	73663	56	4125128	0	0	0	UNSAT	0.034216
7,8,0,5,1,5	7,8,5,1,5,0	26	7	8	5	1	5	0	0	73663	56	4125128	0	0	0	UNSAT	0.057347
7,8,0,5,2,4	7,8,2,4,0,5	26	7	8	2	4	0	5	0	73663	56	4125128	0	0	0	UNSAT	0.040089
7,8,0,5,2,4	7,8,4,2,5,0	26	7	8	4	2	5	0	0	73663	56	4125128	0	0	0	UNSAT	0.056229
7,8,0,6,1,4	7,8,1,4,0,6	26	7	8	1	4	0	6	0	73663	28	2062564	30	0	0	UNSAT	0.032443
7,8,0,6,1,4	7,8,4,1,6,0	26	7	8	4	1	6	0	0	73663	28	2062564	285	0	0	UNSAT	0.026238
7,8,0,6,2,3	7,8,2,3,0,6	26	7	8	2	3	0	6	0	73663	28	2062564	30	0	0	UNSAT	0.048045
7,8,0,6,2,3	7,8,3,2,6,0	26	7	8	3	2	6	0	0	73663	28	2062564	285	0	0	UNSAT	0.028967
7,8,1,4,1,5	7,8,1,4,1,5	26	7	8	1	4	1	5	0	73663	448	33001024	0	0	0	UNSAT	0.221627
7,8,1,4,1,5	7,8,4,1,5,1	26	7	8	4	1	5	1	0	73663	448	33001024	0	0	0	UNSAT	0.233761
7,8,1,4,2,4	7,8,2,4,1,4	26	7	8	2	4	1	4	0	73663	560	41251280	0	0	0	UNSAT	0.295409
7,8,1,4,2,4	7,8,4,2,4,1	26	7	8	4	2	4	1	0	73663	560	41251280	0	0	0	UNSAT	0.306302
7,8,1,5,2,3	7,8,2,3,1,5	26	7	8	2	3	1	5	0	73663	448	33001024	0	0	0	UNSAT	0.206104
7,8,1,5,2,3	7,8,3,2,5,1	26	7	8	3	2	5	1	0	73663	448	33001024	0	0	0	UNSAT	0.207061
5,7,0,7,0,8	5,7,0,7,0,8	27	5	7	0	7	0	8	0	24985	1	24985	0	0	0	UNSAT	0.005782
5,7,0,7,0,8	5,7,7,0,8,0	27	5	7	7	0	8	0	0	24985	1	24985	0	0	0	UNSAT	0.005958
5,7,0,7,1,7	5,7,1,7,0,7	27	5	7	1	7	0	7	0	24985	8	199880	0	0	0	UNSAT	0.006709
5,7,0,7,1,7	5,7,7,1,7,0	27	5	7	7	1	7	0	0	24985	8	199880	0	0	0	UNSAT	0.006451
5,7,0,7,2,6	5,7,2,6,0,7	27	5	7	2	6	0	7	0	24985	8	199880	0	0	0	UNSAT	0.006409
5,7,0,7,2,6	5,7,6,2,7,0	27	5	7	6	2	7	0	0	24985	8	199880	0	0	0	UNSAT	0.013936
5,7,0,7,3,5	5,7,3,5,0,7	27	5	7	3	5	0	7	0	24985	8	199880	0	0	0	UNSAT	0.006414
5,7,0,7,3,5	5,7,5,3,7,0	27	5	7	5	3	7	0	0	24985	8	199880	0	0	0	UNSAT	0.028006
5,7,0,8,1,6	5,7,1,6,0,8	27	5	7	1	6	0	8	0	24985	1	24985	0	0	0	UNSAT	0.005938
5,7,0,8,1,6	5,7,6,1,8,0	27	5	7	6	1	8	0	0	24985	1	24985	0	0	0	UNSAT	0.005743
5,7,0,8,2,5	5,7,2,5,0,8	27	5	7	2	5	0	8	0	24985	1	24985	0	0	0	UNSAT	0.005752
5,7,0,8,2,5	5,7,5,2,8,0	27	5	7	5	2	8	0	0	24985	1	24985	0	0	0	UNSAT	0.005788
5,7,0,8,3,4	5,7,3,4,0,8	27	5	7	3	4	0	8	0	24985	1	24985	0	0	0	UNSAT	0.007117
5,7,0,8,3,4	5,7,4,3,8,0	27	5	7	4	3	8	0	0	24985	1	24985	0	0	0	UNSAT	0.005712
5,7,1,6,1,7	5,7,1,6,1,7	27	5	7	1	6	1	7	0	24985	64	1599040	0	0	0	UNSAT	0.011611
5,7,1,6,1,7	5,7,6,1,7,1	27	5	7	6	1	7	1	0	24985	64	1599040	0	0	0	UNSAT	0.012004
5,7,1,6,2,6	5,7,2,6,1,6	27	5	7	2	6	1	6	0	24985	224	5596640	0	0	0	UNSAT	0.051558
5,7,1,6,2,6	5,7,6,2,6,1	27	5	7	6	2	6	1	0	24985	224	5596640	0	0	0	UNSAT	0.031795
5,7,1,6,3,5	5,7,3,5,1,6	27	5	7	3	5	1	6	0	24985	224	5596640	0	0	0	UNSAT	0.033129
5,7,1,6,3,5	5,7,5,3,6,1	27	5	7	5	3	6	1	0	24985	224	5596640	0	0	0	UNSAT	0.051083
5,7,1,7,2,5	5,7,2,5,1,7	27	5	7	2	5	1	7	0	24985	64	1599040	0	0	0	UNSAT	0.013493
5,7,1,7,2,5	5,7,5,2,7,1	27	5	7	5	2	7	1	0	24985	64	1599040	0	0	0	UNSAT	0.013498
5,7,1,7,3,4	5,7,3,4,1,7	27	5	7	3	4	1	7	0	24985	64	1599040	0	0	0	UNSAT	0.012500
5,7,1,7,3,4	5,7,4,3,7,1	27	5	7	4	3	7	1	0	24985	64	1599040	0	0	0	UNSAT	0.032789
5,7,2,5,2,6	5,7,2,5,2,6	27	5	7	2	5	2	6	0	24985	784	19588240	0	0	0	UNSAT	0.123174
5,7,2,5,2,6	5,7,5,2,6,2	27	5	7	5	2	6	2	0	24985	784	19588240	0	0	0	UNSAT	0.108396
5,7,2,5,3,5	5,7,3,5,2,5	27	5	7	3	5	2	5	0	24985	1568	39176480	0	0	0	UNSAT	0.233113
5,7,2,5,3,5	5,7,5,3,5,2	27	5	7	5	3	5	2	0	24985	1568	39176480	0	0	0	UNSAT	0.235215
5,7,2,6,3,4	5,7,3,4,2,6	27	5	7	3	4	2	6	0	24985	784	19588240	0	0	0	UNSAT	0.108210
5,7,2,6,3,4	5,7,4,3,6,2	27	5	7	4	3	6	2	0	24985	784	19588240	0	0	0	UNSAT	0.122988
5,7,3,4,3,5	5,7,3,4,3,5	27	5	7	3	4	3	5	0	24985	3136	78352960	0	0	0	UNSAT	0.410319
5,7,3,4,3,5	5,7,4,3,5,3	27	5	7	4	3	5	3	0	24985	3136	78352960	0	0	0	UNSAT	0.482863
5,8,0,7,0,7	5,8,0,7,0,7	27	5	8	0	7	0	7	1	16655	8	133240	0	0	0	UNSAT	0.005089
5,8,0,7,0,7	5,8,7,0,7,0	27	5	8	7	0	7	0	1	16655	8	133240	0	0	0	UNSAT	0.004682
5,8,0,7,1,6	5,8,1,6,0,7	27	5	8	1	6	0	7	0	28365	8	226920	0	0	0	UNSAT	0.007480
5,8,0,7,1,6	5,8,6,1,7,0	27	5	8	6	1	7	0	0	28365	8	226920	0	0	0	UNSAT	0.007889
5,8,0,7,2,5	5,8,2,5,0,7	27	5	8	2	5	0	7	0	28365	8	226920	0	0	0	UNSAT	0.008086
5,8,0,7,2,5	5,8,5,2,7,0	27	5	8	5	2	7	0	0	28365	8	226920	0	0	0	UNSAT	0.008226
5,8,0,7,3,4	5,8,3,4,0,7	27	5	8	3	4	0	7	0	28365	8	226920	0	0	0	UNSAT	0.033779
5,8,0,7,3,4	5,8,4,3,7,0	27	5	8	4	3	7	0	0	28365	8	226920	0	0	0	UNSAT	0.008233
5,8,1,6,1,6	5,8,1,6,1,6	27	5	8	1	6	1	6	1	16655	224	3730720	0	0	0	UNSAT	0.021704
5,8,1,6,1,6	5,8,6,1,6,1	27	5	8	6	1	6	1	1	16655	224	3730720	0	0	0	UNSAT	0.021403
5,8,1,6,2,5	5,8,2,5,1,6	27	5	8	2	5	1	6	0	28365	224	6353760	0	0	0	UNSAT	0.051186
5,8,1,6,2,5	5,8,5,2,6,1	27	5	8	5	2	6	1	0	28365	224	6353760	0	0	0	UNSAT	0.034139
5,8,1,6,3,4	5,8,3,4,1,6	27	5	8	3	4	1	6	0	28365	224	6353760	0	0	0	UNSAT	0.062713
5,8,1,6,3,4	5,8,4,3,6,1	27	5	8	4	3	6	1	0	28365	224	6353760	0	0	0	UNSAT	0.036335
5,8,2,5,2,5	5,8,2,5,2,5	27	5	8	2	5	2	5	1	16655	1568	26115040	0	0	0	UNSAT	0.126381
5,8,2,5,2,5	5,8,5,2,5,2	27	5	8	5	2	5	2	1	16655	1568	26115040	0	0	0	UNSAT	0.151336
5,8,2,5,3,4	5,8,3,4,2,5	27	5	8	3	4	2	5	0	28365	1568	44476320	0	0	0	UNSAT	0.222194
5,8,2,5,3,4	5,8,4,3,5,2	27	5	8	4	3	5	2	0	28365	1568	44476320	0	0	0	UNSAT	0.268656
5,8,3,4,3,4	5,8,3,4,3,4	27	5	8	3	4	3	4	1	16655	3920	65287600	0	0	0	UNSAT	0.326715
5,8,3,4,3,4	5,8,4,3,4,3	27	5	8	4	3	4	3	1	16655	3920	65287600	0	0	0	UNSAT	0.317820
6,6,0,7,0,8	6,6,0,7,0,8	27	6	6	0	7	0	8	0	16496	1	16496	0	0	0	UNSAT	0.004447
6,6,0,7,0,8	6,6,7,0,8,0	27	6	6	7	0	8	0	0	16496	1	16496	0	0	0	UNSAT	0.004008
6,6,0,7,1,7	6,6,1,7,0,7	27	6	6	1	7	0	7	0	16496	8	131968	0	0	0	UNSAT	0.004412
6,6,0,7,1,7	6,6,7,1,7,0	27	6	6	7	1	7	0	0	16496	8	131968	0	0	0	UNSAT	0.004436
6,6,0,7,2,6	6,6,2,6,0,7	27	6	6	2	6	0	7	0	16496	8	131968	0	0	0	UNSAT	0.004330
6,6,0,7,2,6	6,6,6,2,7,0	27	6	6	6	2	7	0	0	16496	8	131968	0	0	0	UNSAT	0.028230
6,6,0,7,3,5	6,6,3,5,0,7	27	6	6	3	5	0	7	0	16496	8	131968	0	0	0	UNSAT	0.004428
6,6,0,7,3,5	6,6,5,3,7,0	27	6	6	5	3	7	0	0	16496	8	131968	0	0	0	UNSAT	0.004393
6,6,0,7,4,4	6,6,4,4,0,7	27	6	6	4	4	0	7	0	16496	8	131968	0	0	0	UNSAT	0.004943
6,6,0,7,4,4	6,6,4,4,7,0	27	6	6	4	4	7	0	0	16496	8	131968	0	0	0	UNSAT	0.009445
6,6,0,8,1,6	6,6,1,6,0,8	27	6	6	1	6	0	8	0	16496	1	16496	0	0	0	UNSAT	0.005173
6,6,0,8,1,6	6,6,6,1,8,0	27	6	6	6	1	8	0	0	16496	1	16496	0	0	0	UNSAT	0.004287
6,6,0,8,2,5	6,6,2,5,0,8	27	6	6	2	5	0	8	0	16496	1	16496	0	0	0	UNSAT	0.004343
6,6,0,8,2,5	6,6,5,2,8,0	27	6	6	5	2	8	0	0	16496	1	16496	0	0	0	UNSAT	0.004304
6,6,0,8,3,4	6,6,3,4,0,8	27	6	6	3	4	0	8	0	16496	1	16496	0	0	0	UNSAT	0.004362
6,6,0,8,3,4	6,6,4,3,8,0	27	6	6	4	3	8	0	0	16496	1	16496	0	0	0	UNSAT	0.004342
6,6,1,6,1,7	6,6,1,6,1,7	27	6	6	1	6	1	7	0	16496	64	1055744	0	0	0	UNSAT	0.009195
6,6,1,6,1,7	6,6,6,1,7,1	27	6	6	6	1	7	1	0	16496	64	1055744	0	0	0	UNSAT	0.009286
6,6,1,6,2,6	6,6,2,6,1,6	27	6	6	2	6	1	6	0	16496	224	3695104	0	0	0	UNSAT	0.038124
6,6,1,6,2,6	6,6,6,2,6,1	27	6	6	6	2	6	1	0	16496	224	3695104	0	0	0	UNSAT	0.017649
6,6,1,6,3,5	6,6,3,5,1,6	27	6	6	3	5	1	6	0	16496	224	3695104	0	0	0	UNSAT	0.020511
6,6,1,6,3,5	6,6,5,3,6,1	27	6	6	5	3	6	1	0	16496	224	3695104	0	0	0	UNSAT	0.017739
6,6,1,6,4,4	6,6,4,4,1,6	27	6	6	4	4	1	6	0	16496	224	3695104	0	0	0	UNSAT	0.038055
6,6,1,6,4,4	6,6,4,4,6,1	27	6	6	4	4	6	1	0	16496	224	3695104	0	0	0	UNSAT	0.017689
6,6,1,7,2,5	6,6,2,5,1,7	27	6	6	2	5	1	7	0	16496	64	1055744	0	0	0	UNSAT	0.008130
6,6,1,7,2,5	6,6,5,2,7,1	27	6	6	5	2	7	1	0	16496	64	1055744	0	0	0	UNSAT	0.007829
6,6,1,7,3,4	6,6,3,4,1,7	27	6	6	3	4	1	7	0	16496	64	1055744	0	0	0	UNSAT	0.007794
6,6,1,7,3,4	6,6,4,3,7,1	27	6	6	4	3	7	1	0	16496	64	1055744	0	0	0	UNSAT	0.007890
6,6,2,5,2,6	6,6,2,5,2,6	27	6	6	2	5	2	6	0	16496	784	12932864	0	0	0	UNSAT	0.081141
6,6,2,5,2,6	6,6,5,2,6,2	27	6	6	5	2	6	2	0	16496	784	12932864	0	0	0	UNSAT	0.085155
6,6,2,5,3,5	6,6,3,5,2,5	27	6	6	3	5	2	5	0	16496	1568	25865728	0	0	0	UNSAT	0.128522
6,6,2,5,3,5	6,6,5,3,5,2	27	6	6	5	3	5	2	0	16496	1568	25865728	0	0	0	UNSAT	0.121751
6,6,2,5,4,4	6,6,4,4,2,5	27	6	6	4	4	2	5	0	16496	1568	25865728	0	0	0	UNSAT	0.152370
6,6,2,5,4,4	6,6,4,4,5,2	27	6	6	4	4	5	2	0	16496	1568	25865728	0	0	0	UNSAT	0.131031
6,6,2,6,3,4	6,6,3,4,2,6	27	6	6	3	4	2	6	0	16496	784	12932864	0	0	0	UNSAT	0.078082
6,6,2,6,3,4	6,6,4,3,6,2	27	6	6	4	3	6	2	0	16496	784	12932864	0	0	0	UNSAT	0.078166
6,6,3,4,3,5	6,6,3,4,3,5	27	6	6	3	4	3	5	0	16496	3136	51731456	0	0	0	UNSAT	0.263873
6,6,3,4,3,5	6,6,4,3,5,3	27	6	6	4	3	5	3	0	16496	3136	51731456	0	0	0	UNSAT	0.277419
6,6,3,4,4,4	6,6,4,4,3,4	27	6	6	4	4	3	4	0	16496	3920	64664320	0	0	0	UNSAT	0.324161
6,6,3,4,4,4	6,6,4,4,4,3	27	6	6	4	4	4	3	0	16496	3920	64664320	0	0	0	UNSAT	0.329944
6,7,0,6,0,8	6,7,0,6,0,8	27	6	7	0	6	0	8	0	45996	1	45996	0	0	0	UNSAT	0.010633
6,7,0,6,0,8	6,7,6,0,8,0	27	6	7	6	0	8	0	0	45996	1	45996	0	0	0	UNSAT	0.010559
6,7,0,6,1,7	6,7,1,7,0,6	27	6	7	1	7	0	6	0	45996	28	1287888	0	0	0	UNSAT	0.015287
6,7,0,6,1,7	6,7,7,1,6,0	27	6	7	7	1	6	0	0	45996	28	1287888	0	0	0	UNSAT	0.015298
6,7,0,6,2,6	6,7,2,6,0,6	27	6	7	2	6	0	6	0	45996	28	1287888	0	0	0	UNSAT	0.015713
6,7,0,6,2,6	6,7,6,2,6,0	27	6	7	6	2	6	0	0	45996	28	1287888	0	0	0	UNSAT	0.037143
6,7,0,6,3,5	6,7,3,5,0,6	27	6	7	3	5	0	6	0	45996	28	1287888	0	0	0	UNSAT	0.017301
6,7,0,6,3,5	6,7,5,3,6,0	27	6	7	5	3	6	0	0	45996	28	1287888	0	0	0	UNSAT	0.017602
6,7,0,6,4,4	6,7,4,4,0,6	27	6	7	4	4	0	6	0	45996	28	1287888	0	0	0	UNSAT	0.017747
6,7,0,6,4,4	6,7,4,4,6,0	27	6	7	4	4	6	0	0	45996	28	1287888	0	0	0	UNSAT	0.016925
6,7,0,7,0,7	6,7,0,7,0,7	27	6	7	0	7	0	7	1	26876	8	215008	0	0	0	UNSAT	0.036658
6,7,0,7,0,7	6,7,7,0,7,0	27	6	7	7	0	7	0	1	26876	8	215008	6	0	0	UNSAT	0.007135
6,7,0,7,1,6	6,7,1,6,0,7	27	6	7	1	6	0	7	0	45996	8	367968	0	0	0	UNSAT	0.012735
6,7,0,7,1,6	6,7,6,1,7,0	27	6	7	6	1	7	0	0	45996	8	367968	6	0	0	UNSAT	0.013178
6,7,0,7,2,5	6,7,2,5,0,7	27	6	7	2	5	0	7	0	45996	8	367968	0	0	0	UNSAT	0.013146
6,7,0,7,2,5	6,7,5,2,7,0	27	6	7	5	2	7	0	0	45996	8	367968	6	0	0	UNSAT	0.013154
6,7,0,7,3,4	6,7,3,4,0,7	27	6	7	3	4	0	7	0	45996	8	367968	0	0	0	UNSAT	0.031338
6,7,0,7,3,4	6,7,4,3,7,0	27	6	7	4	3	7	0	0	45996	8	367968	6	0	0	UNSAT	0.012585
6,7,0,8,1,5	6,7,1,5,0,8	27	6	7	1	5	0	8	0	45996	1	45996	0	0	0	UNSAT	0.010857
6,7,0,8,1,5	6,7,5,1,8,0	27	6	7	5	1	8	0	0	45996	1	45996	0	0	0	UNSAT	0.010754
6,7,0,8,2,4	6,7,2,4,0,8	27	6	7	2	4	0	8	0	45996	1	45996	0	0	0	UNSAT	0.010729
6,7,0,8,2,4	6,7,4,2,8,0	27	6	7	4	2	8	0	0	45996	1	45996	0	0	0	UNSAT	0.027437
6,7,0,8,3,3	6,7,3,3,0,8	27	6	7	3	3	0	8	0	45996	1	45996	0	0	0	UNSAT	0.023858
6,7,0,8,3,3	6,7,3,3,8,0	27	6	7	3	3	8	0	0	45996	1	45996	0	0	0	UNSAT	0.010723
6,7,1,5,1,7	6,7,1,5,1,7	27	6	7	1	5	1	7	0	45996	64	2943744	0	0	0	UNSAT	0.021373
6,7,1,5,1,7	6,7,5,1,7,1	27	6	7	5	1	7	1	0	45996	64	2943744	516	0	0	UNSAT	0.022286
6,7,1,5,2,6	6,7,2,6,1,5	27	6	7	2	6	1	5	0	45996	448	20606208	0	0	0	UNSAT	0.107940
6,7,1,5,2,6	6,7,6,2,5,1	27	6	7	6	2	5	1	0	45996	448	20606208	0	0	0	UNSAT	0.135664
6,7,1,5,3,5	6,7,3,5,1,5	27	6	7	3	5	1	5	0	45996	448	20606208	0	0	0	UNSAT	0.114065
6,7,1,5,3,5	6,7,5,3,5,1	27	6	7	5	3	5	1	0	45996	448	20606208	0	0	0	UNSAT	0.129377
6,7,1,5,4,4	6,7,4,4,1,5	27	6	7	4	4	1	5	0	45996	448	20606208	0	0	0	UNSAT	0.109962
6,7,1,5,4,4	6,7,4,4,5,1	27	6	7	4	4	5	1	0	45996	448	20606208	0	0	0	UNSAT	0.109888
6,7,1,6,1,6	6,7,1,6,1,6	27	6	7	1	6	1	6	1	26876	224	6020224	0	0	0	UNSAT	0.053967
6,7,1,6,1,6	6,7,6,1,6,1	27	6	7	6	1	6	1	1	26876	224	6020224	0	0	0	UNSAT	0.034401
6,7,1,6,2,5	6,7,2,5,1,6	27	6	7	2	5	1	6	0	45996	224	10303104	0	0	0	UNSAT	0.072538
6,7,1,6,2,5	6,7,5,2,6,1	27	6	7	5	2	6	1	0	45996	224	10303104	0	0	0	UNSAT	0.048149
6,7,1,6,3,4	6,7,3,4,1,6	27	6	7	3	4	1	6	0	45996	224	10303104	0	0	0	UNSAT	0.068878
6,7,1,6,3,4	6,7,4,3,6,1	27	6	7	4	3	6	1	0	45996	224	10303104	0	0	0	UNSAT	0.070267
6,7,1,7,2,4	6,7,2,4,1,7	27	6	7	2	4	1	7	0	45996	64	2943744	0	0	0	UNSAT	0.021704
6,7,1,7,2,4	6,7,4,2,7,1	27	6	7	4	2	7	1	0	45996	64	2943744	516	0	0	UNSAT	0.023911
6,7,1,7,3,3	6,7,3,3,1,7	27	6	7	3	3	1	7	0	45996	64	2943744	0	0	0	UNSAT	0.042088
6,7,1,7,3,3	6,7,3,3,7,1	27	6	7	3	3	7	1	0	45996	64	2943744	516	0	0	UNSAT	0.029208
6,7,2,4,2,6	6,7,2,4,2,6	27	6	7	2	4	2	6	0	45996	784	36060864	0	0	0	UNSAT	0.231446
6,7,2,4,2,6	6,7,4,2,6,2	27	6	7	4	2	6	2	0	45996	784	36060864	0	0	0	UNSAT	0.197500
6,7,2,4,3,5	6,7,3,5,2,4	27	6	7	3	5	2	4	0	45996	1960	90152160	0	0	0	UNSAT	0.509958
6,7,2,4,3,5	6,7,5,3,4,2	27	6	7	5	3	4	2	0	45996	1960	90152160	0	0	0	UNSAT	0.480689
6,7,2,4,4,4	6,7,4,4,2,4	27	6	7	4	4	2	4	0	45996	1960	90152160	0	0	0	UNSAT	0.481318
6,7,2,4,4,4	6,7,4,4,4,2	27	6	7	4	4	4	2	0	45996	1960	90152160	0	0	0	UNSAT	0.476534
6,7,2,5,2,5	6,7,2,5,2,5	27	6	7	2	5	2	5	1	26876	1568	42141568	0	0	0	UNSAT	0.210061
6,7,2,5,2,5	6,7,5,2,5,2	27	6	7	5	2	5	2	1	26876	1568	42141568	0	0	0	UNSAT	0.246351
6,7,2,5,3,4	6,7,3,4,2,5	27	6	7	3	4	2	5	0	45996	1568	72121728	0	0	0	UNSAT	0.406612
6,7,2,5,3,4	6,7,4,3,5,2	27	6	7	4	3	5	2	0	45996	1568	72121728	0	0	0	UNSAT	0.362446
6,7,2,6,3,3	6,7,3,3,2,6	27	6	7	3	3	2	6	0	45996	784	36060864	0	0	0	UNSAT	0.199161
6,7,2,6,3,3	6,7,3,3,6,2	27	6	7	3	3	6	2	0	45996	784	36060864	0	0	0	UNSAT	0.186655
6,7,3,3,3,5	6,7,3,3,3,5	27	6	7	3	3	3	5	0	45996	3136	144243456	41	0	0	UNSAT	0.699044
6,7,3,3,3,5	6,7,3,3,5,3	27	6	7	3	3	5	3	0	45996	3136	144243456	53	0	0	UNSAT	0.839346
6,7,3,3,4,4	6,7,4,4,3,3	27	6	7	4	4	3	3	0	45996	3136	144243456	0	0	0	UNSAT	0.867253
6,7,3,4,3,4	6,7,3,4,3,4	27	6	7	3	4	3	4	1	26876	3920	105353920	3	0	0	UNSAT	0.687311
6,7,3,4,3,4	6,7,4,3,4,3	27	6	7	4	3	4	3	1	26876	3920	105353920	1	0	0	UNSAT	0.688425
6,7,3,4,4,3	6,7,3,4,4,3	27	6	7	3	4	4	3	0	45996	3920	180304320	1	0	0	UNSAT	1.075242
6,7,3,4,4,3	6,7,4,3,3,4	27	6	7	4	3	3	4	0	45996	3920	180304320	3	0	0	UNSAT	1.087350
6,8,0,6,0,7	6,8,0,6,0,7	27	6	8	0	6	0	7	0	52292	8	418336	0	0	0	UNSAT	0.036200
6,8,0,6,0,7	6,8,6,0,7,0	27	6	8	6	0	7	0	0	52292	8	418336	0	0	0	UNSAT	0.013565
6,8,0,6,1,6	6,8,1,6,0,6	27	6	8	1	6	0	6	0	52292	28	1464176	0	0	0	UNSAT	0.023390
6,8,0,6,1,6	6,8,6,1,6,0	27	6	8	6	1	6	0	0	52292	28	1464176	0	0	0	UNSAT	0.022941
6,8,0,6,2,5	6,8,2,5,0,6	27	6	8	2	5	0	6	0	52292	28	1464176	0	0	0	UNSAT	0.039924
6,8,0,6,2,5	6,8,5,2,6,0	27	6	8	5	2	6	0	0	52292	28	1464176	0	0	0	UNSAT	0.022898
6,8,0,6,3,4	6,8,3,4,0,6	27	6	8	3	4	0	6	0	52292	28	1464176	0	0	0	UNSAT	0.023131
6,8,0,6,3,4	6,8,4,3,6,0	27	6	8	4	3	6	0	0	52292	28	1464176	0	0	0	UNSAT	0.020540
6,8,0,7,1,5	6,8,1,5,0,7	27	6	8	1	5	0	7	0	52292	8	418336	0	0	0	UNSAT	0.033260
6,8,0,7,1,5	6,8,5,1,7,0	27	6	8	5	1	7	0	0	52292	8	418336	0	0	0	UNSAT	0.015272
6,8,0,7,2,4	6,8,2,4,0,7	27	6	8	2	4	0	7	0	52292	8	418336	0	0	0	UNSAT	0.015362
6,8,0,7,2,4	6,8,4,2,7,0	27	6	8	4	2	7	0	0	52292	8	418336	0	0	0	UNSAT	0.014811
6,8,0,7,3,3	6,8,3,3,0,7	27	6	8	3	3	0	7	0	52292	8	418336	0	0	0	UNSAT	0.016121
6,8,0,7,3,3	6,8,3,3,7,0	27	6	8	3	3	7	0	0	52292	8	418336	0	0	0	UNSAT	0.038191
6,8,1,5,1,6	6,8,1,5,1,6	27	6	8	1	5	1	6	0	52292	224	11713408	0	0	0	UNSAT	0.075619
6,8,1,5,1,6	6,8,5,1,6,1	27	6	8	5	1	6	1	0	52292	224	11713408	360	0	0	UNSAT	0.084183
6,8,1,5,2,5	6,8,2,5,1,5	27	6	8	2	5	1	5	0	52292	448	23426816	0	0	0	UNSAT	0.186173
6,8,1,5,2,5	6,8,5,2,5,1	27	6	8	5	2	5	1	0	52292	448	23426816	0	0	0	UNSAT	0.153785
6,8,1,5,3,4	6,8,3,4,1,5	27	6	8	3	4	1	5	0	52292	448	23426816	0	0	0	UNSAT	0.136096
6,8,1,5,3,4	6,8,4,3,5,1	27	6	8	4	3	5	1	0	52292	448	23426816	0	0	0	UNSAT	0.132609
6,8,1,6,2,4	6,8,2,4,1,6	27	6	8	2	4	1	6	0	52292	224	11713408	0	0	0	UNSAT	0.086113
6,8,1,6,2,4	6,8,4,2,6,1	27	6	8	4	2	6	1	0	52292	224	11713408	360	0	0	UNSAT	0.093379
6,8,1,6,3,3	6,8,3,3,1,6	27	6	8	3	3	1	6	0	52292	224	11713408	0	0	0	UNSAT	0.084284
6,8,1,6,3,3	6,8,3,3,6,1	27	6	8	3	3	6	1	0	52292	224	11713408	360	0	0	UNSAT	0.090941
6,8,2,4,2,5	6,8,2,4,2,5	27	6	8	2	4	2	5	0	52292	1568	81993856	12	0	0	UNSAT	0.477142
6,8,2,4,2,5	6,8,4,2,5,2	27	6	8	4	2	5	2	0	52292	1568	81993856	6	0	0	UNSAT	0.409640
6,8,2,4,3,4	6,8,3,4,2,4	27	6	8	3	4	2	4	0	52292	1960	102492320	0	0	0	UNSAT	0.529216
6,8,2,4,3,4	6,8,4,3,4,2	27	6	8	4	3	4	2	0	52292	1960	102492320	0	0	0	UNSAT	0.606727
6,8,2,5,3,3	6,8,3,3,2,5	27	6	8	3	3	2	5	0	52292	1568	81993856	12	0	0	UNSAT	0.419947
6,8,2,5,3,3	6,8,3,3,5,2	27	6	8	3	3	5	2	0	52292	1568	81993856	6	0	0	UNSAT	0.455887
6,8,3,3,3,4	6,8,3,4,3,3	27	6	8	3	4	3	3	0	52292	3136	163987712	0	0	0	UNSAT	0.991146
6,8,3,3,3,4	6,8,4,3,3,3	27	6	8	4	3	3	3	0	52292	3136	163987712	0	0	0	UNSAT	0.885828
7,7,0,6,0,7	7,7,0,6,0,7	27	7	7	0	6	0	7	0	32666	8	261328	4	0	0	UNSAT	0.008894
7,7,0,6,0,7	7,7,6,0,7,0	27	7	7	6	0	7	0	0	32666	8	261328	229	0	0	UNSAT	0.008930
7,7,0,6,1,6	7,7,1,6,0,6	27	7	7	1	6	0	6	0	32666	28	914648	0	0	0	UNSAT	0.011054
7,7,0,6,1,6	7,7,6,1,6,0	27	7	7	6	1	6	0	0	32666	28	914648	7	0	0	UNSAT	0.011161
7,7,0,6,2,5	7,7,2,5,0,6	27	7	7	2	5	0	6	0	32666	28	914648	0	0	0	UNSAT	0.020523
7,7,0,6,2,5	7,7,5,2,6,0	27	7	7	5	2	6	0	0	32666	28	914648	7	0	0	UNSAT	0.011376
7,7,0,6,3,4	7,7,3,4,0,6	27	7	7	3	4	0	6	0	32666	28	914648	0	0	0	UNSAT	0.031604
7,7,0,6,3,4	7,7,4,3,6,0	27	7	7	4	3	6	0	0	32666	28	914648	7	0	0	UNSAT	0.012008
7,7,0,7,1,5	7,7,1,5,0,7	27	7	7	1	5	0	7	0	32666	8	261328	4	0	0	UNSAT	0.008667
7,7,0,7,1,5	7,7,5,1,7,0	27	7	7	5	1	7	0	0	32666	8	261328	229	0	0	UNSAT	0.009064
7,7,0,7,2,4	7,7,2,4,0,7	27	7	7	2	4	0	7	0	32666	8	261328	4	0	0	UNSAT	0.008680
7,7,0,7,2,4	7,7,4,2,7,0	27	7	7	4	2	7	0	0	32666	8	261328	229	0	0	UNSAT	0.009667
7,7,0,7,3,3	7,7,3,3,0,7	27	7	7	3	3	0	7	0	32666	8	261328	4	0	0	UNSAT	0.008766
7,7,0,7,3,3	7,7,3,3,7,0	27	7	7	3	3	7	0	0	32666	8	261328	229	0	0	UNSAT	0.039036
7,7,1,5,1,6	7,7,1,5,1,6	27	7	7	1	5	1	6	0	32666	224	7317184	0	0	0	UNSAT	0.045194
7,7,1,5,1,6	7,7,5,1,6,1	27	7	7	5	1	6	1	0	32666	224	7317184	525	0	0	UNSAT	0.066956
7,7,1,5,2,5	7,7,2,5,1,5	27	7	7	2	5	1	5	0	32666	448	14634368	0	0	0	UNSAT	0.087579
7,7,1,5,2,5	7,7,5,2,5,1	27	7	7	5	2	5	1	0	32666	448	14634368	0	0	0	UNSAT	0.073600
7,7,1,5,3,4	7,7,3,4,1,5	27	7	7	3	4	1	5	0	32666	448	14634368	0	0	0	UNSAT	0.081639
7,7,1,5,3,4	7,7,4,3,5,1	27	7	7	4	3	5	1	0	32666	448	14634368	0	0	0	UNSAT	0.081995
7,7,1,6,2,4	7,7,2,4,1,6	27	7	7	2	4	1	6	0	32666	224	7317184	0	0	0	UNSAT	0.034467
7,7,1,6,2,4	7,7,4,2,6,1	27	7	7	4	2	6	1	0	32666	224	7317184	525	0	0	UNSAT	0.056931
7,7,1,6,3,3	7,7,3,3,1,6	27	7	7	3	3	1	6	0	32666	224	7317184	0	0	0	UNSAT	0.034928
7,7,1,6,3,3	7,7,3,3,6,1	27	7	7	3	3	6	1	0	32666	224	7317184	525	0	0	UNSAT	0.059177
7,7,2,4,2,5	7,7,2,4,2,5	27	7	7	2	4	2	5	0	32666	1568	51220288	19	0	0	UNSAT	0.239396
7,7,2,4,2,5	7,7,4,2,5,2	27	7	7	4	2	5	2	0	32666	1568	51220288	18	0	0	UNSAT	0.268244
7,7,2,4,3,4	7,7,3,4,2,4	27	7	7	3	4	2	4	0	32666	1960	64025360	1	0	0	UNSAT	0.380734
7,7,2,4,3,4	7,7,4,3,4,2	27	7	7	4	3	4	2	0	32666	1960	64025360	0	0	0	UNSAT	0.306452
7,7,2,4,4,3	7,7,3,4,4,2	27	7	7	3	4	4	2	0	32666	1960	64025360	0	0	0	UNSAT	0.310808
7,7,2,4,4,3	7,7,4,3,2,4	27	7	7	4	3	2	4	0	32666	1960	64025360	1	0	0	UNSAT	0.323888
7,7,2,5,3,3	7,7,3,3,2,5	27	7	7	3	3	2	5	0	32666	1568	51220288	19	0	0	UNSAT	0.259540
7,7,2,5,3,3	7,7,3,3,5,2	27	7	7	3	3	5	2	0	32666	1568	51220288	18	0	0	UNSAT	0.254250
7,7,3,3,3,4	7,7,3,4,3,3	27	7	7	3	4	3	3	0	32666	3136	102440576	2	0	0	UNSAT	0.497074
7,7,3,3,3,4	7,7,4,3,3,3	27	7	7	4	3	3	3	0	32666	3136	102440576	2	0	0	UNSAT	0.566422
7,8,0,6,0,6	7,8,0,6,0,6	27	7	8	0	6	0	6	1	42103	28	1178884	30	0	0	UNSAT	0.014032
7,8,0,6,0,6	7,8,6,0,6,0	27	7	8	6	0	6	0	1	42103	28	1178884	135	0	0	UNSAT	0.014058
7,8,0,6,1,5	7,8,1,5,0,6	27	7	8	1	5	0	6	0	73663	28	2062564	30	0	0	UNSAT	0.044797
7,8,0,6,1,5	7,8,5,1,6,0	27	7	8	5	1	6	0	0	73663	28	2062564	285	0	0	UNSAT	0.024557
7,8,0,6,2,4	7,8,2,4,0,6	27	7	8	2	4	0	6	0	73663	28	2062564	30	0	0	UNSAT	0.033517
7,8,0,6,2,4	7,8,4,2,6,0	27	7	8	4	2	6	0	0	73663	28	2062564	285	0	0	UNSAT	0.046544
7,8,0,6,3,3	7,8,3,3,0,6	27	7	8	3	3	0	6	0	73663	28	2062564	30	0	0	UNSAT	0.037526
7,8,0,6,3,3	7,8,3,3,6,0	27	7	8	3	3	6	0	0	73663	28	2062564	285	0	0	UNSAT	0.027460
7,8,1,5,1,5	7,8,1,5,1,5	27	7	8	1	5	1	5	1	42103	448	18862144	0	0	0	UNSAT	0.096017
7,8,1,5,1,5	7,8,5,1,5,1	27	7	8	5	1	5	1	1	42103	448	18862144	0	0	0	UNSAT	0.101102
7,8,1,5,2,4	7,8,2,4,1,5	27	7	8	2	4	1	5	0	73663	448	33001024	0	0	0	UNSAT	0.191249
7,8,1,5,2,4	7,8,4,2,5,1	27	7	8	4	2	5	1	0	73663	448	33001024	0	0	0	UNSAT	0.210988
7,8,1,5,3,3	7,8,3,3,1,5	27	7	8	3	3	1	5	0	73663	448	33001024	0	0	0	UNSAT	0.198605
7,8,1,5,3,3	7,8,3,3,5,1	27	7	8	3	3	5	1	0	73663	448	33001024	0	0	0	UNSAT	0.199746
7,8,2,4,2,4	7,8,2,4,2,4	27	7	8	2	4	2	4	1	42103	1960	82521880	42	0	0	UNSAT	0.396190
7,8,2,4,2,4	7,8,4,2,4,2	27	7	8	4	2	4	2	1	42103	1960	82521880	35	0	0	UNSAT	0.455030
7,8,2,4,3,3	7,8,3,3,2,4	27	7	8	3	3	2	4	0	73663	1960	144379480	48	0	0	UNSAT	0.778782
7,8,2,4,3,3	7,8,3,3,4,2	27	7	8	3	3	4	2	0	73663	1960	144379480	53	0	0	UNSAT	0.812800
7,8,3,3,3,3	7,8,3,3,3,3	27	7	8	3	3	3	3	1	42103	3136	132035008	196	0	0	UNSAT	0.789780
5,7,0,8,0,8	5,7,0,8,0,8	28	5	7	0	8	0	8	1	14225	1	14225	0	0	0	UNSAT	0.003341
5,7,0,8,0,8	5,7,8,0,8,0	28	5	7	8	0	8	0	1	14225	1	14225	0	0	0	UNSAT	0.003267
5,7,0,8,1,7	5,7,1,7,0,8	28	5	7	1	7	0	8	0	24985	1	24985	0	0	0	UNSAT	0.005703
5,7,0,8,1,7	5,7,7,1,8,0	28	5	7	7	1	8	0	0	24985	1	24985	0	0	0	UNSAT	0.005726
5,7,0,8,2,6	5,7,2,6,0,8	28	5	7	2	6	0	8	0	24985	1	24985	0	0	0	UNSAT	0.005814
5,7,0,8,2,6	5,7,6,2,8,0	28	5	7	6	2	8	0	0	24985	1	24985	0	0	0	UNSAT	0.005811
5,7,0,8,3,5	5,7,3,5,0,8	28	5	7	3	5	0	8	0	24985	1	24985	0	0	0	UNSAT	0.006076
5,7,0,8,3,5	5,7,5,3,8,0	28	5	7	5	3	8	0	0	24985	1	24985	0	0	0	UNSAT	0.006743
5,7,1,7,1,7	5,7,1,7,1,7	28	5	7	1	7	1	7	1	14225	64	910400	0	0	0	UNSAT	0.009283
5,7,1,7,1,7	5,7,7,1,7,1	28	5	7	7	1	7	1	1	14225	64	910400	0	0	0	UNSAT	0.008561
5,7,1,7,2,6	5,7,2,6,1,7	28	5	7	2	6	1	7	0	24985	64	1599040	0	0	0	UNSAT	0.034546
5,7,1,7,2,6	5,7,6,2,7,1	28	5	7	6	2	7	1	0	24985	64	1599040	0	0	0	UNSAT	0.013877
5,7,1,7,3,5	5,7,3,5,1,7	28	5	7	3	5	1	7	0	24985	64	1599040	0	0	0	UNSAT	0.013575
5,7,1,7,3,5	5,7,5,3,7,1	28	5	7	5	3	7	1	0	24985	64	1599040	0	0	0	UNSAT	0.013603
5,7,2,6,2,6	5,7,2,6,2,6	28	5	7	2	6	2	6	1	14225	784	11152400	0	0	0	UNSAT	0.068290
5,7,2,6,2,6	5,7,6,2,6,2	28	5	7	6	2	6	2	1	14225	784	11152400	0	0	0	UNSAT	0.051484
5,7,2,6,3,5	5,7,3,5,2,6	28	5	7	3	5	2	6	0	24985	784	19588240	0	0	0	UNSAT	0.111630
5,7,2,6,3,5	5,7,5,3,6,2	28	5	7	5	3	6	2	0	24985	784	19588240	0	0	0	UNSAT	0.098181
5,7,3,5,3,5	5,7,3,5,3,5	28	5	7	3	5	3	5	1	14225	3136	44609600	0	0	0	UNSAT	0.293830
5,7,3,5,3,5	5,7,5,3,5,3	28	5	7	5	3	5	3	1	14225	3136	44609600	0	0	0	UNSAT	0.289420
6,6,0,8,0,8	6,6,0,8,0,8	28	6	6	0	8	0	8	1	10132	1	10132	0	0	0	UNSAT	0.002595
6,6,0,8,0,8	6,6,8,0,8,0	28	6	6	8	0	8	0	1	10132	1	10132	0	0	0	UNSAT	0.002609
6,6,0,8,1,7	6,6,1,7,0,8	28	6	6	1	7	0	8	0	16496	1	16496	0	0	0	UNSAT	0.004492
6,6,0,8,1,7	6,6,7,1,8,0	28	6	6	7	1	8	0	0	16496	1	16496	0	0	0	UNSAT	0.004590
6,6,0,8,2,6	6,6,2,6,0,8	28	6	6	2	6	0	8	0	16496	1	16496	0	0	0	UNSAT	0.004631
6,6,0,8,2,6	6,6,6,2,8,0	28	6	6	6	2	8	0	0	16496	1	16496	0	0	0	UNSAT	0.026465
6,6,0,8,3,5	6,6,3,5,0,8	28	6	6	3	5	0	8	0	16496	1	16496	0	0	0	UNSAT	0.004293
6,6,0,8,3,5	6,6,5,3,8,0	28	6	6	5	3	8	0	0	16496	1	16496	0	0	0	UNSAT	0.004245
6,6,1,7,1,7	6,6,1,7,1,7	28	6	6	1	7	1	7	1	10132	64	648448	0	0	0	UNSAT	0.005656
6,6,1,7,1,7	6,6,7,1,7,1	28	6	6	7	1	7	1	1	10132	64	648448	0	0	0	UNSAT	0.012829
6,6,1,7,2,6	6,6,2,6,1,7	28	6	6	2	6	1	7	0	16496	64	1055744	0	0	0	UNSAT	0.010409
6,6,1,7,2,6	6,6,6,2,7,1	28	6	6	6	2	7	1	0	16496	64	1055744	0	0	0	UNSAT	0.011000
6,6,1,7,3,5	6,6,3,5,1,7	28	6	6	3	5	1	7	0	16496	64	1055744	0	0	0	UNSAT	0.011309
6,6,1,7,3,5	6,6,5,3,7,1	28	6	6	5	3	7	1	0	16496	64	1055744	0	0	0	UNSAT	0.010905
6,6,2,6,2,6	6,6,2,6,2,6	28	6	6	2	6	2	6	1	10132	784	7943488	0	0	0	UNSAT	0.056168
6,6,2,6,2,6	6,6,6,2,6,2	28	6	6	6	2	6	2	1	10132	784	7943488	0	0	0	UNSAT	0.035434
6,6,2,6,3,5	6,6,3,5,2,6	28	6	6	3	5	2	6	0	16496	784	12932864	0	0	0	UNSAT	0.088841
6,6,2,6,3,5	6,6,5,3,6,2	28	6	6	5	3	6	2	0	16496	784	12932864	0	0	0	UNSAT	0.088956
6,6,3,5,3,5	6,6,3,5,3,5	28	6	6	3	5	3	5	1	10132	3136	31773952	0	0	0	UNSAT	0.193466
6,6,3,5,3,5	6,6,5,3,5,3	28	6	6	5	3	5	3	1	10132	3136	31773952	0	0	0	UNSAT	0.211752
6,7,0,7,0,8	6,7,0,7,0,8	28	6	7	0	7	0	8	0	45996	1	45996	0	0	0	UNSAT	0.010912
6,7,0,7,0,8	6,7,7,0,8,0	28	6	7	7	0	8	0	0	45996	1	45996	0	0	0	UNSAT	0.010684
6,7,0,7,1,7	6,7,1,7,0,7	28	6	7	1	7	0	7	0	45996	8	367968	0	0	0	UNSAT	0.032351
6,7,0,7,1,7	6,7,7,1,7,0	28	6	7	7	1	7	0	0	45996	8	367968	6	0	0	UNSAT	0.013068
6,7,0,7,2,6	6,7,2,6,0,7	28	6	7	2	6	0	7	0	45996	8	367968	0	0	0	UNSAT	0.013935
6,7,0,7,2,6	6,7,6,2,7,0	28	6	7	6	2	7	0	0	45996	8	367968	6	0	0	UNSAT	0.012710
6,7,0,7,3,5	6,7,3,5,0,7	28	6	7	3	5	0	7	0	45996	8	367968	0	0	0	UNSAT	0.012003
6,7,0,7,3,5	6,7,5,3,7,0	28	6	7	5	3	7	0	0	45996	8	367968	6	0	0	UNSAT	0.012333
6,7,0,8,1,6	6,7,1,6,0,8	28	6	7	1	6	0	8	0	45996	1	45996	0	0	0	UNSAT	0.035913
6,7,0,8,1,6	6,7,6,1,8,0	28	6	7	6	1	8	0	0	45996	1	45996	0	0	0	UNSAT	0.011896
6,7,0,8,2,5	6,7,2,5,0,8	28	6	7	2	5	0	8	0	45996	1	45996	0	0	0	UNSAT	0.011957
6,7,0,8,2,5	6,7,5,2,8,0	28	6	7	5	2	8	0	0	45996	1	45996	0	0	0	UNSAT	0.012491
6,7,0,8,3,4	6,7,3,4,0,8	28	6	7	3	4	0	8	0	45996	1	45996	0	0	0	UNSAT	0.012681
6,7,0,8,3,4	6,7,4,3,8,0	28	6	7	4	3	8	0	0	45996	1	45996	0	0	0	UNSAT	0.012659
6,7,1,6,1,7	6,7,1,6,1,7	28	6	7	1	6	1	7	0	45996	64	2943744	0	0	0	UNSAT	0.049412
6,7,1,6,1,7	6,7,6,1,7,1	28	6	7	6	1	7	1	0	45996	64	2943744	516	0	0	UNSAT	0.030323
6,7,1,6,2,6	6,7,2,6,1,6	28	6	7	2	6	1	6	0	45996	224	10303104	0	0	0	UNSAT	0.093901
6,7,1,6,2,6	6,7,6,2,6,1	28	6	7	6	2	6	1	0	45996	224	10303104	0	0	0	UNSAT	0.079517
6,7,1,6,3,5	6,7,3,5,1,6	28	6	7	3	5	1	6	0	45996	224	10303104	0	0	0	UNSAT	0.050378
6,7,1,6,3,5	6,7,5,3,6,1	28	6	7	5	3	6	1	0	45996	224	10303104	0	0	0	UNSAT	0.070374
6,7,1,7,2,5	6,7,2,5,1,7	28	6	7	2	5	1	7	0	45996	64	2943744	0	0	0	UNSAT	0.022682
6,7,1,7,2,5	6,7,5,2,7,1	28	6	7	5	2	7	1	0	45996	64	2943744	516	0	0	UNSAT	0.049552
6,7,1,7,3,4	6,7,3,4,1,7	28	6	7	3	4	1	7	0	45996	64	2943744	0	0	0	UNSAT	0.025134
6,7,1,7,3,4	6,7,4,3,7,1	28	6	7	4	3	7	1	0	45996	64	2943744	516	0	0	UNSAT	0.027981
6,7,2,5,2,6	6,7,2,5,2,6	28	6	7	2	5	2	6	0	45996	784	36060864	0	0	0	UNSAT	0.206253
6,7,2,5,2,6	6,7,5,2,6,2	28	6	7	5	2	6	2	0	45996	784	36060864	0	0	0	UNSAT	0.272533
6,7,2,5,3,5	6,7,3,5,2,5	28	6	7	3	5	2	5	0	45996	1568	72121728	0	0	0	UNSAT	0.467197
6,7,2,5,3,5	6,7,5,3,5,2	28	6	7	5	3	5	2	0	45996	1568	72121728	0	0	0	UNSAT	0.363295
6,7,2,6,3,4	6,7,3,4,2,6	28	6	7	3	4	2	6	0	45996	784	36060864	0	0	0	UNSAT	0.201896
6,7,2,6,3,4	6,7,4,3,6,2	28	6	7	4	3	6	2	0	45996	784	36060864	0	0	0	UNSAT	0.254003
6,7,3,4,3,5	6,7,3,4,3,5	28	6	7	3	4	3	5	0	45996	3136	144243456	41	0	0	UNSAT	0.696647
6,7,3,4,3,5	6,7,4,3,5,3	28	6	7	4	3	5	3	0	45996	3136	144243456	53	0	0	UNSAT	0.734518
6,8,0,7,0,7	6,8,0,7,0,7	28	6	8	0	7	0	7	1	31484	8	251872	0	0	0	UNSAT	0.008206
6,8,0,7,0,7	6,8,7,0,7,0	28	6	8	7	0	7	0	1	31484	8	251872	0	0	0	UNSAT	0.008111
6,8,0,7,1,6	6,8,1,6,0,7	28	6	8	1	6	0	7	0	52292	8	418336	0	0	0	UNSAT	0.034159
6,8,0,7,1,6	6,8,6,1,7,0	28	6	8	6	1	7	0	0	52292	8	418336	0	0	0	UNSAT	0.013562
6,8,0,7,2,5	6,8,2,5,0,7	28	6	8	2	5	0	7	0	52292	8	418336	0	0	0	UNSAT	0.013429
6,8,0,7,2,5	6,8,5,2,7,0	28	6	8	5	2	7	0	0	52292	8	418336	0	0	0	UNSAT	0.013438
6,8,0,7,3,4	6,8,3,4,0,7	28	6	8	3	4	0	7	0	52292	8	418336	0	0	0	UNSAT	0.013450
6,8,0,7,3,4	6,8,4,3,7,0	28	6	8	4	3	7	0	0	52292	8	418336	0	0	0	UNSAT	0.036170
6,8,1,6,1,6	6,8,1,6,1,6	28	6	8	1	6	1	6	1	31484	224	7052416	0	0	0	UNSAT	0.040665
6,8,1,6,1,6	6,8,6,1,6,1	28	6	8	6	1	6	1	1	31484	224	7052416	360	0	0	UNSAT	0.059399
6,8,1,6,2,5	6,8,2,5,1,6	28	6	8	2	5	1	6	0	52292	224	11713408	0	0	0	UNSAT	0.075498
6,8,1,6,2,5	6,8,5,2,6,1	28	6	8	5	2	6	1	0	52292	224	11713408	360	0	0	UNSAT	0.088593
6,8,1,6,3,4	6,8,3,4,1,6	28	6	8	3	4	1	6	0	52292	224	11713408	0	0	0	UNSAT	0.077157
6,8,1,6,3,4	6,8,4,3,6,1	28	6	8	4	3	6	1	0	52292	224	11713408	360	0	0	UNSAT	0.081282
6,8,2,5,2,5	6,8,2,5,2,5	28	6	8	2	5	2	5	1	31484	1568	49366912	12	0	0	UNSAT	0.285176
6,8,2,5,2,5	6,8,5,2,5,2	28	6	8	5	2	5	2	1	31484	1568	49366912	6	0	0	UNSAT	0.249378
6,8,2,5,3,4	6,8,3,4,2,5	28	6	8	3	4	2	5	0	52292	1568	81993856	12	0	0	UNSAT	0.410617
6,8,2,5,3,4	6,8,4,3,5,2	28	6	8	4	3	5	2	0	52292	1568	81993856	6	0	0	UNSAT	0.399997
6,8,3,4,3,4	6,8,3,4,3,4	28	6	8	3	4	3	4	1	31484	3920	123417280	166	0	0	UNSAT	0.642102
6,8,3,4,3,4	6,8,4,3,4,3	28	6	8	4	3	4	3	1	31484	3920	123417280	143	0	0	UNSAT	0.628141
7,7,0,7,0,7	7,7,0,7,0,7	28	7	7	0	7	0	7	1	18076	8	144608	4	0	0	UNSAT	0.005040
7,7,0,7,0,7	7,7,7,0,7,0	28	7	7	7	0	7	0	1	18076	8	144608	142	0	0	UNSAT	0.004910
7,7,0,7,1,6	7,7,1,6,0,7	28	7	7	1	6	0	7	0	32666	8	261328	4	0	0	UNSAT	0.008643
7,7,0,7,1,6	7,7,6,1,7,0	28	7	7	6	1	7	0	0	32666	8	261328	229	0	0	UNSAT	0.008848
7,7,0,7,2,5	7,7,2,5,0,7	28	7	7	2	5	0	7	0	32666	8	261328	4	0	0	UNSAT	0.008645
7,7,0,7,2,5	7,7,5,2,7,0	28	7	7	5	2	7	0	0	32666	8	261328	229	0	0	UNSAT	0.029105
7,7,0,7,3,4	7,7,3,4,0,7	28	7	7	3	4	0	7	0	32666	8	261328	4	0	0	UNSAT	0.008946
7,7,0,7,3,4	7,7,4,3,7,0	28	7	7	4	3	7	0	0	32666	8	261328	229	0	0	UNSAT	0.010954
7,7,1,6,1,6	7,7,1,6,1,6	28	7	7	1	6	1	6	1	18076	224	4049024	0	0	0	UNSAT	0.022102
7,7,1,6,1,6	7,7,6,1,6,1	28	7	7	6	1	6	1	1	18076	224	4049024	525	0	0	UNSAT	0.019409
7,7,1,6,2,5	7,7,2,5,1,6	28	7	7	2	5	1	6	0	32666	224	7317184	0	0	0	UNSAT	0.058189
7,7,1,6,2,5	7,7,5,2,6,1	28	7	7	5	2	6	1	0	32666	224	7317184	525	0	0	UNSAT	0.043401
7,7,1,6,3,4	7,7,3,4,1,6	28	7	7	3	4	1	6	0	32666	224	7317184	0	0	0	UNSAT	0.059279
7,7,1,6,3,4	7,7,4,3,6,1	28	7	7	4	3	6	1	0	32666	224	7317184	525	0	0	UNSAT	0.075439
7,7,2,5,2,5	7,7,2,5,2,5	28	7	7	2	5	2	5	1	18076	1568	28343168	14	0	0	UNSAT	0.150499
7,7,2,5,2,5	7,7,5,2,5,2	28	7	7	5	2	5	2	1	18076	1568	28343168	16	0	0	UNSAT	0.151764
7,7,2,5,3,4	7,7,3,4,2,5	28	7	7	3	4	2	5	0	32666	1568	51220288	19	0	0	UNSAT	0.300275
7,7,2,5,3,4	7,7,4,3,5,2	28	7	7	4	3	5	2	0	32666	1568	51220288	18	0	0	UNSAT	0.267090
7,7,3,4,3,4	7,7,3,4,3,4	28	7	7	3	4	3	4	1	18076	3920	70857920	192	0	0	UNSAT	0.370061
7,7,3,4,3,4	7,7,4,3,4,3	28	7	7	4	3	4	3	1	18076	3920	70857920	173	0	0	UNSAT	0.360667
7,7,3,4,4,3	7,7,3,4,4,3	28	7	7	3	4	4	3	0	32666	3920	128050720	315	0	0	UNSAT	0.615348
7,7,3,4,4,3	7,7,4,3,3,4	28	7	7	4	3	3	4	0	32666	3920	128050720	253	0	0	UNSAT	0.648645
6,7,0,8,0,8	6,7,0,8,0,8	29	6	7	0	8	0	8	1	26876	1	26876	0	0	0	UNSAT	0.006312
6,7,0,8,0,8	6,7,8,0,8,0	29	6	7	8	0	8	0	1	26876	1	26876	0	0	0	UNSAT	0.026009
6,7,0,8,1,7	6,7,1,7,0,8	29	6	7	1	7	0	8	0	45996	1	45996	0	0	0	UNSAT	0.010800
6,7,0,8,1,7	6,7,7,1,8,0	29	6	7	7	1	8	0	0	45996	1	45996	0	0	0	UNSAT	0.010633
6,7,0,8,2,6	6,7,2,6,0,8	29	6	7	2	6	0	8	0	45996	1	45996	0	0	0	UNSAT	0.010658
6,7,0,8,2,6	6,7,6,2,8,0	29	6	7	6	2	8	0	0	45996	1	45996	0	0	0	UNSAT	0.010988
6,7,0,8,3,5	6,7,3,5,0,8	29	6	7	3	5	0	8	0	45996	1	45996	0	0	0	UNSAT	0.010720
6,7,0,8,3,5	6,7,5,3,8,0	29	6	7	5	3	8	0	0	45996	1	45996	0	0	0	UNSAT	0.010954
6,7,1,7,1,7	6,7,1,7,1,7	29	6	7	1	7	1	7	1	26876	64	1720064	0	0	0	UNSAT	0.035096
6,7,1,7,1,7	6,7,7,1,7,1	29	6	7	7	1	7	1	1	26876	64	1720064	516	0	0	UNSAT	0.012693
6,7,1,7,2,6	6,7,2,6,1,7	29	6	7	2	6	1	7	0	45996	64	2943744	0	0	0	UNSAT	0.021466
6,7,1,7,2,6	6,7,6,2,7,1	29	6	7	6	2	7	1	0	45996	64	2943744	516	0	0	UNSAT	0.024610
6,7,1,7,3,5	6,7,3,5,1,7	29	6	7	3	5	1	7	0	45996	64	2943744	0	0	0	UNSAT	0.041878
6,7,1,7,3,5	6,7,5,3,7,1	29	6	7	5	3	7	1	0	45996	64	2943744	516	0	0	UNSAT	0.024725
6,7,2,6,2,6	6,7,2,6,2,6	29	6	7	2	6	2	6	1	26876	784	21070784	0	0	0	UNSAT	0.104326
6,7,2,6,2,6	6,7,6,2,6,2	29	6	7	6	2	6	2	1	26876	784	21070784	0	0	0	UNSAT	0.103480
6,7,2,6,3,5	6,7,3,5,2,6	29	6	7	3	5	2	6	0	45996	784	36060864	0	0	0	UNSAT	0.195460
6,7,2,6,3,5	6,7,5,3,6,2	29	6	7	5	3	6	2	0	45996	784	36060864	0	0	0	UNSAT	0.203039
6,7,3,5,3,5	6,7,3,5,3,5	29	6	7	3	5	3	5	1	26876	3136	84283136	40	0	0	UNSAT	0.434281
6,7,3,5,3,5	6,7,5,3,5,3	29	6	7	5	3	5	3	1	26876	3136	84283136	52	0	0	UNSAT	0.433845
# TOTAL A=13163028768 triple=17834 calls=0 nodes=0 result=UNSAT elapsed=78.012232
