# profile	S	survives_sweep_domination	fix_pair	orbits_g7200	completions_per_orbit	completions	Q_needed
3,8,9,10	30	1	RC	1152	3003	3459456	169
3,9,8,10	30	1	RC	924	3003	2774772	169
3,9,9,9	30	1	RC	924	5005	4624620	165
3,10,8,9	30	1	RC	562	5005	2812810	169
4,6,9,11	30	1	RC	2668	1365	3641820	169
4,6,10,10	30	1	DA	1620	5005	8108100	165
4,7,8,11	30	1	RC	3334	1365	4550910	161
4,7,9,10	30	1	RC	3334	3003	10012002	153
4,8,7,11	30	1	RC	3334	1365	4550910	161
4,8,8,10	30	1	RC	3334	3003	10012002	149
4,8,9,9	30	1	RC	3334	5005	16686670	145
4,9,6,11	30	1	RC	2668	1365	3641820	169
4,9,7,10	30	1	RC	2668	3003	8012004	153
4,9,8,9	30	1	RC	2668	5005	13353340	145
4,10,6,10	30	1	RC	1614	3003	4846842	165
4,10,7,9	30	1	RC	1614	5005	8078070	153
4,10,8,8	30	1	RC	1614	6435	10386090	149
4,11,6,9	30	1	RC	822	5005	4114110	169
4,11,7,8	30	1	RC	822	6435	5289570	161
5,5,10,10	30	1	RC	1620	3003	4864860	161
5,6,9,10	30	1	RC	5257	3003	15786771	145
5,7,8,10	30	1	RC	6574	3003	19741722	137
5,7,9,9	30	1	DA	4411	6435	28384785	133
5,8,7,10	30	1	RC	6574	3003	19741722	137
5,8,8,9	30	1	RC	6574	5005	32902870	129
5,9,6,10	30	1	RC	5257	3003	15786771	145
5,9,7,9	30	1	RC	5257	5005	26311285	133
5,9,8,8	30	1	RC	5257	6435	33828795	129
5,10,5,10	30	1	RC	3175	3003	9534525	161
5,10,6,9	30	1	RC	3175	5005	15890875	145
5,10,7,8	30	1	RC	3175	6435	20431125	137
6,6,9,9	30	1	RC	4411	5005	22077055	129
6,7,8,9	30	1	RC	10908	5005	54594540	121
6,8,7,9	30	1	RC	10908	5005	54594540	121
6,8,8,8	30	1	DA	6892	6435	44350020	117
6,9,6,9	30	1	RC	8717	5005	43628585	129
6,9,7,8	30	1	RC	8717	6435	56093895	121
7,7,8,8	30	1	RC	6892	6435	44350020	113
7,8,7,8	30	1	RC	13654	6435	87863490	113
5,5,5,5	20	1	RC	1620	3003	4864860	-39
5,5,5,6	21	1	RC	1620	5005	8108100	-9
4,6,6,6	22	1	RC	2668	5005	13353340	21
5,5,5,7	22	1	RC	1620	6435	10424700	21
5,5,6,6	22	1	RC	1620	5005	8108100	17
5,6,5,6	22	1	RC	5257	5005	26311285	17
4,6,6,7	23	1	RC	2668	6435	17168580	47
4,7,6,6	23	1	RC	3334	5005	16686670	47
5,5,5,8	23	1	RC	1620	6435	10424700	51
5,5,6,7	23	1	RC	1620	6435	10424700	43
5,6,5,7	23	1	RC	5257	6435	33828795	43
5,6,6,6	23	1	DA	4411	5005	22077055	39
3,7,7,7	24	0	RC	1152	6435	7413120	81
4,6,6,8	24	1	RC	2668	6435	17168580	73
4,6,7,7	24	1	RC	2668	6435	17168580	69
4,7,6,7	24	1	RC	3334	6435	21454290	69
4,8,6,6	24	1	RC	3334	5005	16686670	73
5,5,5,9	24	1	RC	1620	5005	8108100	81
5,5,6,8	24	1	RC	1620	6435	10424700	69
5,5,7,7	24	1	RC	1620	6435	10424700	65
5,6,5,8	24	1	RC	5257	6435	33828795	69
5,6,6,7	24	1	RC	5257	6435	33828795	61
5,7,5,7	24	1	RC	6574	6435	42303690	65
5,7,6,6	24	1	DA	4411	6435	28384785	61
6,6,6,6	24	1	RC	4411	5005	22077055	57
3,7,7,8	25	0	RC	1152	6435	7413120	103
3,8,7,7	25	0	RC	1152	6435	7413120	103
4,6,6,9	25	1	RC	2668	5005	13353340	99
4,6,7,8	25	1	RC	2668	6435	17168580	91
4,7,6,8	25	1	RC	3334	6435	21454290	91
4,7,7,7	25	1	RC	3334	6435	21454290	87
4,8,6,7	25	1	RC	3334	6435	21454290	91
4,9,6,6	25	1	RC	2668	5005	13353340	99
5,5,5,10	25	1	RC	1620	3003	4864860	111
5,5,6,9	25	1	RC	1620	5005	8108100	95
5,5,7,8	25	1	RC	1620	6435	10424700	87
5,6,5,9	25	1	RC	5257	5005	26311285	95
5,6,6,8	25	1	RC	5257	6435	33828795	83
5,6,7,7	25	1	RC	5257	6435	33828795	79
5,7,5,8	25	1	RC	6574	6435	42303690	87
5,7,6,7	25	1	RC	6574	6435	42303690	79
5,8,6,6	25	1	DA	4411	6435	28384785	83
6,6,6,7	25	1	RC	4411	6435	28384785	75
3,7,7,9	26	0	RC	1152	5005	5765760	125
3,7,8,8	26	0	RC	1152	6435	7413120	121
3,8,7,8	26	0	RC	1152	6435	7413120	121
3,9,7,7	26	0	RC	924	6435	5945940	125
4,6,6,10	26	1	RC	2668	3003	8012004	125
4,6,7,9	26	1	RC	2668	5005	13353340	113
4,6,8,8	26	1	RC	2668	6435	17168580	109
4,7,6,9	26	1	RC	3334	5005	16686670	113
4,7,7,8	26	1	RC	3334	6435	21454290	105
4,8,6,8	26	1	RC	3334	6435	21454290	109
4,8,7,7	26	1	RC	3334	6435	21454290	105
4,9,6,7	26	1	RC	2668	6435	17168580	113
4,10,6,6	26	1	RC	1614	5005	8078070	125
5,5,5,11	26	1	DA	1614	3003	4846842	141
5,5,6,10	26	1	RC	1620	3003	4864860	121
5,5,7,9	26	1	RC	1620	5005	8108100	109
5,5,8,8	26	1	RC	1620	6435	10424700	105
5,6,5,10	26	1	DA	3175	5005	15890875	121
5,6,6,9	26	1	RC	5257	5005	26311285	105
5,6,7,8	26	1	RC	5257	6435	33828795	97
5,7,5,9	26	1	DA	5257	6435	33828795	109
5,7,6,8	26	1	RC	6574	6435	42303690	97
5,7,7,7	26	1	RC	6574	6435	42303690	93
5,8,5,8	26	1	RC	6574	6435	42303690	105
5,8,6,7	26	1	RC	6574	6435	42303690	97
5,9,6,6	26	1	DA	4411	5005	22077055	105
6,6,6,8	26	1	RC	4411	6435	28384785	93
6,6,7,7	26	1	RC	4411	6435	28384785	89
6,7,6,7	26	1	RC	10908	6435	70192980	89
3,7,7,10	27	0	RC	1152	3003	3459456	147
3,7,8,9	27	0	RC	1152	5005	5765760	139
3,8,7,9	27	0	RC	1152	5005	5765760	139
3,8,8,8	27	1	RC	1152	6435	7413120	135
3,9,7,8	27	0	RC	924	6435	5945940	139
3,10,7,7	27	0	RC	562	6435	3616470	147
4,6,6,11	27	1	RC	2668	1365	3641820	151
4,6,7,10	27	1	RC	2668	3003	8012004	135
4,6,8,9	27	1	RC	2668	5005	13353340	127
4,7,6,10	27	1	RC	3334	3003	10012002	135
4,7,7,9	27	1	RC	3334	5005	16686670	123
4,7,8,8	27	1	RC	3334	6435	21454290	119
4,8,6,9	27	1	RC	3334	5005	16686670	127
4,8,7,8	27	1	RC	3334	6435	21454290	119
4,9,6,8	27	1	RC	2668	6435	17168580	127
4,9,7,7	27	1	RC	2668	6435	17168580	123
4,10,6,7	27	1	RC	1614	6435	10386090	135
4,11,6,6	27	1	RC	822	5005	4114110	151
5,5,6,11	27	1	RC	1620	1365	2211300	147
5,5,7,10	27	1	RC	1620	3003	4864860	131
5,5,8,9	27	1	RC	1620	5005	8108100	123
5,6,5,11	27	1	DA	1614	5005	8078070	147
5,6,6,10	27	1	RC	5257	3003	15786771	127
5,6,7,9	27	1	RC	5257	5005	26311285	115
5,6,8,8	27	1	RC	5257	6435	33828795	111
5,7,5,10	27	1	DA	3175	6435	20431125	131
5,7,6,9	27	1	RC	6574	5005	32902870	115
5,7,7,8	27	1	RC	6574	6435	42303690	107
5,8,5,9	27	1	DA	5257	6435	33828795	123
5,8,6,8	27	1	RC	6574	6435	42303690	111
5,8,7,7	27	1	RC	6574	6435	42303690	107
5,9,6,7	27	1	RC	5257	6435	33828795	115
5,10,6,6	27	1	RC	3175	5005	15890875	127
6,6,6,9	27	1	RC	4411	5005	22077055	111
6,6,7,8	27	1	RC	4411	6435	28384785	103
6,7,6,8	27	1	RC	10908	6435	70192980	103
6,7,7,7	27	1	DA	6892	6435	44350020	99
3,7,8,10	28	0	RC	1152	3003	3459456	157
3,7,9,9	28	1	RC	1152	5005	5765760	153
3,8,7,10	28	0	RC	1152	3003	3459456	157
3,8,8,9	28	1	RC	1152	5005	5765760	149
3,9,7,9	28	1	RC	924	5005	4624620	153
3,9,8,8	28	1	RC	924	6435	5945940	149
3,10,7,8	28	0	RC	562	6435	3616470	157
4,6,7,11	28	1	RC	2668	1365	3641820	157
4,6,8,10	28	1	RC	2668	3003	8012004	145
4,6,9,9	28	1	RC	2668	5005	13353340	141
4,7,6,11	28	1	DA	2668	6435	17168580	157
4,7,7,10	28	1	RC	3334	3003	10012002	141
4,7,8,9	28	1	RC	3334	5005	16686670	133
4,8,6,10	28	1	RC	3334	3003	10012002	145
4,8,7,9	28	1	RC	3334	5005	16686670	133
4,8,8,8	28	1	RC	3334	6435	21454290	129
4,9,6,9	28	1	RC	2668	5005	13353340	141
4,9,7,8	28	1	RC	2668	6435	17168580	133
4,10,6,8	28	1	RC	1614	6435	10386090	145
4,10,7,7	28	1	RC	1614	6435	10386090	141
4,11,6,7	28	1	RC	822	6435	5289570	157
5,5,7,11	28	1	RC	1620	1365	2211300	153
5,5,8,10	28	1	RC	1620	3003	4864860	141
5,5,9,9	28	1	RC	1620	5005	8108100	137
5,6,6,11	28	1	DA	2668	5005	13353340	149
5,6,7,10	28	1	RC	5257	3003	15786771	133
5,6,8,9	28	1	RC	5257	5005	26311285	125
5,7,5,11	28	1	DA	1614	6435	10386090	153
5,7,6,10	28	1	DA	5257	6435	33828795	133
5,7,7,9	28	1	RC	6574	5005	32902870	121
5,7,8,8	28	1	RC	6574	6435	42303690	117
5,8,5,10	28	1	DA	3175	6435	20431125	141
5,8,6,9	28	1	RC	6574	5005	32902870	125
5,8,7,8	28	1	RC	6574	6435	42303690	117
5,9,5,9	28	1	RC	5257	5005	26311285	137
5,9,6,8	28	1	RC	5257	6435	33828795	125
5,9,7,7	28	1	RC	5257	6435	33828795	121
5,10,6,7	28	1	RC	3175	6435	20431125	133
5,11,6,6	28	1	RC	1614	5005	8078070	149
6,6,6,10	28	1	RC	4411	3003	13246233	129
6,6,7,9	28	1	RC	4411	5005	22077055	117
6,6,8,8	28	1	RC	4411	6435	28384785	113
6,7,6,9	28	1	DA	8717	6435	56093895	117
6,7,7,8	28	1	RC	10908	6435	70192980	109
6,8,6,8	28	1	RC	10908	6435	70192980	113
6,8,7,7	28	1	DA	6892	6435	44350020	109
7,7,7,7	28	1	RC	6892	6435	44350020	105
3,7,9,10	29	1	RC	1152	3003	3459456	167
3,8,8,10	29	1	RC	1152	3003	3459456	163
3,8,9,9	29	1	RC	1152	5005	5765760	159
3,9,7,10	29	1	RC	924	3003	2774772	167
3,9,8,9	29	1	RC	924	5005	4624620	159
3,10,7,9	29	1	RC	562	5005	2812810	167
3,10,8,8	29	1	RC	562	6435	3616470	163
4,6,8,11	29	1	RC	2668	1365	3641820	163
4,6,9,10	29	1	RC	2668	3003	8012004	155
4,7,7,11	29	1	RC	3334	1365	4550910	159
4,7,8,10	29	1	RC	3334	3003	10012002	147
4,7,9,9	29	1	RC	3334	5005	16686670	143
4,8,6,11	29	1	DA	2668	6435	17168580	163
4,8,7,10	29	1	RC	3334	3003	10012002	147
4,8,8,9	29	1	RC	3334	5005	16686670	139
4,9,6,10	29	1	RC	2668	3003	8012004	155
4,9,7,9	29	1	RC	2668	5005	13353340	143
4,9,8,8	29	1	RC	2668	6435	17168580	139
4,10,6,9	29	1	RC	1614	5005	8078070	155
4,10,7,8	29	1	RC	1614	6435	10386090	147
4,11,6,8	29	1	RC	822	6435	5289570	163
4,11,7,7	29	1	RC	822	6435	5289570	159
5,5,8,11	29	1	RC	1620	1365	2211300	159
5,5,9,10	29	1	RC	1620	3003	4864860	151
5,6,6,12	29	1	DA	924	5005	4624620	171
5,6,7,11	29	1	DA	3334	5005	16686670	151
5,6,8,10	29	1	RC	5257	3003	15786771	139
5,6,9,9	29	1	DA	4411	5005	22077055	135
5,7,6,11	29	1	DA	2668	6435	17168580	151
5,7,7,10	29	1	RC	6574	3003	19741722	135
5,7,8,9	29	1	RC	6574	5005	32902870	127
5,8,5,11	29	1	DA	1614	6435	10386090	159
5,8,6,10	29	1	DA	5257	6435	33828795	139
5,8,7,9	29	1	RC	6574	5005	32902870	127
5,8,8,8	29	1	RC	6574	6435	42303690	123
5,9,5,10	29	1	DA	3175	5005	15890875	151
5,9,6,9	29	1	RC	5257	5005	26311285	135
5,9,7,8	29	1	RC	5257	6435	33828795	127
5,10,6,8	29	1	RC	3175	6435	20431125	139
5,10,7,7	29	1	RC	3175	6435	20431125	135
5,11,6,7	29	1	RC	1614	6435	10386090	151
5,12,6,6	29	1	RC	562	5005	2812810	171
6,6,6,11	29	1	DA	2668	5005	13353340	147
6,6,7,10	29	1	RC	4411	3003	13246233	131
6,6,8,9	29	1	RC	4411	5005	22077055	123
6,7,6,10	29	1	DA	5257	6435	33828795	131
6,7,7,9	29	1	RC	10908	5005	54594540	119
6,7,8,8	29	1	DA	6892	6435	44350020	115
6,8,6,9	29	1	DA	8717	6435	56093895	123
6,8,7,8	29	1	RC	10908	6435	70192980	115
6,9,7,7	29	1	DA	6892	5005	34494460	119
7,7,7,8	29	1	RC	6892	6435	44350020	111
